transaccionid,fechatransaccion,montototal
3001,2024-01-20,221.04
3002,2024-01-20,1682.79
3003,2024-01-20,1041.34
3004,2024-01-20,1748.46
3005,2024-01-20,6248.04
3006,2024-01-20,13819.33
3007,2024-01-20,1275.20
3008,2024-01-20,1177.71
3009,2024-01-20,893.80
3010,2024-01-20,2390.86
3011,2024-01-20,5574.51
3012,2024-01-20,1464.05
3013,2024-01-20,13301.91
3014,2024-01-20,844.14
3015,2024-01-20,14235.12
3016,2024-01-20,7531.68
3017,2024-01-20,17511.30
3018,2024-01-20,941.46
3019,2024-01-20,5140.98
3020,2024-01-20,11149.02
3021,2024-02-20,11823.92
3022,2024-02-20,3201.08
3023,2024-02-20,1785.28
3024,2024-02-20,1600.54
3025,2024-02-20,7432.68
3026,2024-02-20,8368.01
3027,2024-02-20,73.68
3028,2024-02-20,1106.98
3029,2024-02-20,9563.44
3030,2024-02-20,13007.19
3031,2024-02-20,5140.98
3032,2024-02-20,5837.10
3033,2024-02-20,1962.85
3034,2024-02-20,5494.72
3035,2024-02-20,6713.04
3036,2024-02-20,4487.44
3037,2024-02-20,4022.10
3038,2024-02-20,3128.30
3039,2024-02-20,1945.70
3040,2024-02-20,2074.80
3041,2024-02-20,6942.64
3042,2024-02-20,1477.99
3043,2024-02-20,7172.58
3044,2024-02-20,6590.22
3045,2024-02-20,281.38
3046,2024-02-20,4781.72
3047,2024-02-20,4662.56
3048,2024-02-20,14235.12
3049,2024-02-20,7903.14
3050,2024-02-20,740.70
3051,2024-02-20,7064.64
3052,2024-03-20,4745.04
3053,2024-03-20,13007.19
3054,2024-03-20,1106.98
3055,2024-03-20,5187.00
3056,2024-03-20,1387.56
3057,2024-03-20,1464.05
3058,2024-03-20,1787.60
3059,2024-03-20,3926.51
3060,2024-03-20,1030.34
3061,2024-03-20,418.30
3062,2024-03-20,2354.88
3063,2024-03-20,2040.32
3064,2024-03-20,4781.72
3065,2024-03-20,8368.01
3066,2024-03-20,112.85
3067,2024-03-20,677.10
3068,2024-03-20,1340.70
3069,2024-03-20,2251.04
3070,2024-03-20,6585.95
3071,2024-03-20,3163.36
3072,2024-03-20,8368.01
3073,2024-03-20,4433.97
3074,2024-03-20,147.36
3075,2024-03-20,1125.52
3076,2024-03-20,1037.40
3077,2024-03-20,13709.28
3078,2024-03-20,36.84
3079,2024-03-20,765.12
3080,2024-03-20,11854.71
3081,2024-04-20,3891.40
3082,2024-04-20,4339.15
3083,2024-04-20,5574.51
3084,2024-04-20,677.10
3085,2024-04-20,4781.72
3086,2024-04-20,3586.29
3087,2024-04-20,6326.72
3088,2024-04-20,3765.84
3089,2024-04-20,10758.87
3090,2024-04-20,941.46
3091,2024-04-20,3356.52
3092,2024-04-20,5601.89
3093,2024-04-20,3163.36
3094,2024-04-20,1195.43
3095,2024-04-20,800.27
3096,2024-04-20,11823.92
3097,2024-04-20,4801.62
3098,2024-04-20,1254.90
3099,2024-04-20,4745.04
3100,2024-04-20,294.72
3101,2024-04-20,6942.64
3102,2024-04-20,9220.33
3103,2024-04-20,2767.45
3104,2024-04-20,7896.76
3105,2024-04-20,7810.47
3106,2024-04-20,627.45
3107,2024-04-20,4001.35
3108,2024-04-20,4709.76
3109,2024-04-20,12653.44
3110,2024-04-20,11823.92
3111,2024-04-20,8242.72
3112,2024-05-20,782.85
3113,2024-05-20,784.96
3114,2024-05-20,4475.36
3115,2024-05-20,3201.08
3116,2024-05-20,1106.98
3117,2024-05-20,5048.37
3118,2024-05-20,1882.92
3119,2024-05-20,13007.19
3120,2024-05-20,4475.36
3121,2024-05-20,562.76
3122,2024-05-20,209.15
3123,2024-05-20,2251.04
3124,2024-05-20,17511.30
3125,2024-05-20,2348.55
3126,2024-05-20,1569.92
3127,2024-05-20,73.68
3128,2024-05-20,7212.38
3129,2024-05-20,12488.04
3130,2024-05-20,3124.02
3131,2024-05-20,3112.20
3132,2024-05-20,3948.38
3133,2024-05-20,2234.50
3134,2024-05-20,4149.60
3135,2024-05-20,6937.80
3136,2024-05-20,1735.66
3137,2024-05-20,2400.81
3138,2024-05-20,3201.08
3139,2024-05-20,225.70
3140,2024-05-20,836.60
3141,2024-05-20,1317.19
3142,2024-06-20,6854.64
3143,2024-06-20,4149.60
3144,2024-06-20,7389.95
3145,2024-06-20,5648.76
3146,2024-06-20,10281.96
3147,2024-06-20,5494.72
3148,2024-06-20,294.72
3149,2024-06-20,11071.76
3150,2024-06-20,3320.94
3151,2024-06-20,14235.12
3152,2024-06-20,7064.64
3153,2024-06-20,3140.56
3154,2024-06-20,1945.70
3155,2024-06-20,1185.12
3156,2024-06-20,3128.30
3157,2024-06-20,2355.42
3158,2024-06-20,889.12
3159,2024-06-20,3533.13
3160,2024-06-20,221.04
3161,2024-06-20,1037.40
3162,2024-06-20,889.12
3163,2024-06-20,4121.36
3164,2024-06-20,4709.76
3165,2024-06-20,14235.12
3166,2024-06-20,6326.72
3167,2024-06-20,9372.06
3168,2024-06-20,1041.34
3169,2024-06-20,8867.94
3170,2024-06-20,4149.60
3171,2024-06-20,1945.70
3172,2024-06-20,110.52
3173,2024-07-20,5245.38
3174,2024-07-20,2295.36
3175,2024-07-20,3765.84
3176,2024-07-20,7903.14
3177,2024-07-20,281.38
3178,2024-07-20,331.56
3179,2024-07-20,7045.65
3180,2024-07-20,7202.43
3181,2024-07-20,765.12
3182,2024-07-20,5206.70
3183,2024-07-20,9728.50
3184,2024-07-20,225.70
3185,2024-07-20,11674.20
3186,2024-07-20,3320.94
3187,2024-07-20,11149.02
3188,2024-07-20,8242.72
3189,2024-07-20,1974.19
3190,2024-07-20,8867.94
3191,2024-07-20,3091.02
3192,2024-07-20,4475.36
3193,2024-07-20,1254.90
3194,2024-07-20,1660.47
3195,2024-07-20,4433.97
3196,2024-07-20,10758.87
3197,2024-07-20,1673.20
3198,2024-07-20,3926.51
3199,2024-07-20,7112.96
3200,2024-07-20,221.04
3201,2024-07-20,784.96
3202,2024-07-20,941.46
3203,2024-08-20,4001.35
3204,2024-08-20,4433.97
3205,2024-08-20,281.38
3206,2024-08-20,3765.84
3207,2024-08-20,9712.92
3208,2024-08-20,2767.45
3209,2024-08-20,11674.20
3210,2024-08-20,15565.60
3211,2024-08-20,296.28
3212,2024-08-20,3140.56
3213,2024-08-20,3891.40
3214,2024-08-20,3874.43
3215,2024-08-20,281.38
3216,2024-08-20,782.85
3217,2024-08-20,3891.40
3218,2024-08-20,2390.86
3219,2024-08-20,5574.51
3220,2024-08-20,2060.68
3221,2024-08-20,8473.14
3222,2024-08-20,1195.43
3223,2024-08-20,8473.14
3224,2024-08-20,1195.43
3225,2024-08-20,9273.06
3226,2024-08-20,3496.92
3227,2024-08-20,3924.80
3228,2024-08-20,221.04
3229,2024-08-20,2775.12
3230,2024-08-20,867.83
3231,2024-08-20,1673.20
3232,2024-08-20,17767.71
3233,2024-08-20,3091.02
3234,2024-09-20,6279.68
3235,2024-09-20,13819.33
3236,2024-09-20,2355.42
3237,2024-09-20,1015.65
3238,2024-09-20,1030.34
3239,2024-09-20,418.30
3240,2024-09-20,1565.70
3241,2024-09-20,1387.56
3242,2024-09-20,4445.60
3243,2024-09-20,3556.48
3244,2024-09-20,2074.80
3245,2024-09-20,13619.90
3246,2024-09-20,582.82
3247,2024-09-20,1275.20
3248,2024-09-20,5550.24
3249,2024-09-20,4697.10
3250,2024-09-20,3163.36
3251,2024-09-20,941.46
3252,2024-09-20,5048.37
3253,2024-09-20,7289.38
3254,2024-09-20,8299.20
3255,2024-09-20,1121.86
3256,2024-09-20,11995.62
3257,2024-09-20,785.14
3258,2024-09-20,4662.56
3259,2024-09-20,6942.64
3260,2024-09-20,1177.71
3261,2024-09-20,627.45
3262,2024-09-20,13007.19
3263,2024-09-20,4709.76
3264,2024-09-20,3427.32
3265,2024-10-20,7389.95
3266,2024-10-20,627.45
3267,2024-10-20,1969.66
3268,2024-10-20,867.83
3269,2024-10-20,6942.64
3270,2024-10-20,1106.98
3271,2024-10-20,1882.92
3272,2024-10-20,1673.20
3273,2024-10-20,1106.98
3274,2024-10-20,7908.40
3275,2024-10-20,1015.65
3276,2024-10-20,1317.19
3277,2024-10-20,3471.32
3278,2024-10-20,1735.66
3279,2024-10-20,782.85
3280,2024-10-20,338.55
3281,2024-10-20,4709.76
3282,2024-10-20,3716.34
3283,2024-10-20,7112.96
3284,2024-10-20,1882.92
3285,2024-10-20,7782.80
3286,2024-10-20,11674.20
3287,2024-10-20,1125.52
3288,2024-10-20,255.04
3289,2024-10-20,3496.92
3290,2024-10-20,6223.84
3291,2024-10-20,7531.68
3292,2024-10-20,110.52
3293,2024-10-20,867.83
3294,2024-10-20,17511.30
3295,2024-11-20,6713.04
3296,2024-11-20,4427.92
3297,2024-11-20,5048.37
3298,2024-11-20,13619.90
3299,2024-11-20,562.76
3300,2024-11-20,5268.76
3301,2024-11-20,7112.96
3302,2024-11-20,2040.32
3303,2024-11-20,6262.80
3304,2024-11-20,1569.92
3305,2024-11-20,1787.60
3306,2024-11-20,9290.85
3307,2024-11-20,1464.05
3308,2024-11-20,1185.12
3309,2024-11-20,11071.76
3310,2024-11-20,4433.97
3311,2024-11-20,36.84
3312,2024-11-20,7172.58
3313,2024-11-20,2804.65
3314,2024-11-20,446.90
3315,2024-11-20,5911.96
3316,2024-11-20,1464.05
3317,2024-11-20,3586.29
3318,2024-11-20,1945.70
3319,2024-11-20,592.56
3320,2024-11-20,8368.01
3321,2024-11-20,3586.29
3322,2024-11-20,9563.44
3323,2024-11-20,6279.68
3324,2024-11-20,3575.20
3325,2024-11-20,1477.99
3326,2024-12-20,9712.92
3327,2024-12-20,9563.44
3328,2024-12-20,3891.40
3329,2024-12-20,1748.46
3330,2024-12-20,9712.92
3331,2024-12-20,3201.08
3332,2024-12-20,11149.02
3333,2024-12-20,8867.94
3334,2024-12-20,9290.85
3335,2024-12-20,2681.40
3336,2024-12-20,5140.98
3337,2024-12-20,14235.12
3338,2024-12-20,2060.68
3339,2024-12-20,1125.52
3340,2024-12-20,2634.38
3341,2024-12-20,2234.50
3342,2024-12-20,2354.88
3343,2024-12-20,7908.40
3344,2024-12-20,1858.17
3345,2024-12-20,4001.35
3346,2024-12-20,15422.94
3347,2024-12-20,6937.80
3348,2024-12-20,1118.84
3349,2024-12-20,2767.45
3350,2024-12-20,3365.58
3351,2024-12-20,8368.01
3352,2024-12-20,8867.94
3353,2024-12-20,281.38
3354,2024-12-20,4781.72
3355,2024-12-20,14235.12
3356,2025-01-20,8002.08
3357,2025-01-20,5550.24
3358,2025-01-20,5594.20
3359,2025-01-20,3951.57
3360,2025-01-20,6182.04
3361,2025-01-20,4427.92
3362,2025-01-20,2914.10
3363,2025-01-20,257.88
3364,2025-01-20,7831.88
3365,2025-01-20,15422.94
3366,2025-01-20,7112.96
3367,2025-01-20,564.25
3368,2025-01-20,5574.51
3369,2025-01-20,1660.47
3370,2025-01-20,4745.04
3371,2025-01-20,5594.20
3372,2025-01-20,836.60
3373,2025-01-20,553.49
3374,2025-01-20,1333.26
3375,2025-01-20,2955.98
3376,2025-01-20,8950.72
3377,2025-01-20,221.04
3378,2025-01-20,1581.68
3379,2025-01-20,9728.50
3380,2025-01-20,2348.55
3381,2025-01-20,5574.51
3382,2025-01-20,112.85
3383,2025-01-20,7202.43
3384,2025-01-20,2331.28
3385,2025-01-20,16723.53
3386,2025-01-20,9563.44
3387,2025-02-20,5911.96
3388,2025-02-20,221.04
3389,2025-02-20,2295.36
3390,2025-02-20,7045.65
3391,2025-02-20,3496.92
3392,2025-02-20,1125.52
3393,2025-02-20,4433.97
3394,2025-02-20,1858.17
3395,2025-02-20,8242.72
3396,2025-02-20,8242.72
3397,2025-02-20,1660.47
3398,2025-02-20,73.68
3399,2025-02-20,2747.99
3400,2025-02-20,296.28
3401,2025-02-20,15565.60
3402,2025-02-20,5206.98
3403,2025-02-20,902.80
3404,2025-02-20,3139.84
3405,2025-02-20,1477.99
3406,2025-02-20,1787.60
3407,2025-02-20,3427.32
3408,2025-02-20,13007.19
3409,2025-02-20,740.70
3410,2025-02-20,5187.00
3411,2025-02-20,1974.19
3412,2025-02-20,5206.98
3413,2025-02-20,3356.52
3414,2025-02-20,257.88
3415,2025-02-20,5334.72
3416,2025-02-20,3575.20
3417,2025-02-20,5648.76
3418,2025-03-20,4707.30
3419,2025-03-20,2681.40
3420,2025-03-20,3914.25
3421,2025-03-20,3112.20
3422,2025-03-20,13819.33
3423,2025-03-20,3575.20
3424,2025-03-20,1020.16
3425,2025-03-20,2400.81
3426,2025-03-20,2234.50
3427,2025-03-20,11071.76
3428,2025-03-20,11823.92
3429,2025-03-20,3948.38
3430,2025-03-20,3586.29
3431,2025-03-20,1945.70
3432,2025-03-20,11100.48
3433,2025-03-20,5648.76
3434,2025-03-20,1015.65
3435,2025-03-20,7782.80
3436,2025-03-20,1660.47
3437,2025-03-20,2074.80
3438,2025-03-20,7531.68
3439,2025-03-20,14235.12
3440,2025-03-20,112.85
3441,2025-03-20,867.83
3442,2025-03-20,1185.12
3443,2025-03-20,1570.28
3444,2025-03-20,392.57
3445,2025-03-20,740.70
3446,2025-04-20,6279.68
3447,2025-04-20,3365.58
3448,2025-04-20,281.38
3449,2025-04-20,2747.99
3450,2025-04-20,2681.40
3451,2025-04-20,3586.29
3452,2025-04-20,7432.68
3453,2025-04-20,225.70
3454,2025-04-20,2237.68
3455,2025-04-20,1581.68
3456,2025-04-20,627.45
3457,2025-04-20,15422.94
3458,2025-04-20,1858.17
3459,2025-04-20,11995.62
3460,2025-04-20,6074.81
3461,2025-04-20,1165.64
3462,2025-04-20,2234.50
3463,2025-04-20,7289.38
3464,2025-04-20,9563.44
3465,2025-04-20,3556.48
3466,2025-04-20,1882.92
3467,2025-04-20,2400.81
3468,2025-04-20,1165.64
3469,2025-04-20,3914.25
3470,2025-04-20,13619.90
3471,2025-04-20,7064.64
3472,2025-04-20,5494.72
3473,2025-04-20,10537.52
3474,2025-04-20,5601.89
3475,2025-04-20,3874.43
3476,2025-04-20,836.60
3477,2025-05-20,2348.55
3478,2025-05-20,6585.95
3479,2025-05-20,11845.14
3480,2025-05-20,73.68
3481,2025-05-20,1945.70
3482,2025-05-20,7432.68
3483,2025-05-20,4149.60
3484,2025-05-20,7112.96
3485,2025-05-20,1748.46
3486,2025-05-20,582.82
3487,2025-05-20,2603.49
3488,2025-05-20,7908.40
3489,2025-05-20,12488.04
3490,2025-05-20,4079.74
3491,2025-05-20,893.80
3492,2025-05-20,782.85
3493,2025-05-20,3124.02
3494,2025-05-20,13709.28
3495,2025-05-20,4981.41
3496,2025-05-20,1020.16
3497,2025-05-20,1882.92
3498,2025-05-20,2213.96
3499,2025-05-20,5594.20
3500,2025-05-20,10069.56
3501,2025-05-20,2747.99
3502,2025-05-20,5648.76
3503,2025-05-20,2634.38
3504,2025-05-20,221.04
3505,2025-05-20,1778.24
3506,2025-05-20,1045.75
3507,2025-06-20,6585.95
3508,2025-06-20,6942.64
3509,2025-06-20,2747.99
3510,2025-06-20,13619.90
3511,2025-06-20,6279.68
3512,2025-06-20,7432.68
3513,2025-06-20,1177.71
3514,2025-06-20,7432.68
3515,2025-06-20,7896.76
3516,2025-06-20,7903.14
3517,2025-06-20,9490.08
3518,2025-06-20,4981.41
3519,2025-06-20,11100.48
3520,2025-06-20,3951.57
3521,2025-06-20,3496.92
3522,2025-06-20,677.10
3523,2025-06-20,2348.55
3524,2025-06-20,4445.60
3525,2025-06-20,13301.91
3526,2025-06-20,9273.06
3527,2025-06-20,6182.04
3528,2025-06-20,3891.40
3529,2025-06-20,1945.70
3530,2025-06-20,1748.46
3531,2025-06-20,627.45
3532,2025-06-20,6402.16
3533,2025-06-20,5206.98
3534,2025-06-20,4339.15
3535,2025-06-20,16723.53
3536,2025-06-20,3471.32
3537,2025-06-20,11823.92
3538,2025-07-20,2914.10
3539,2025-07-20,3575.20
3540,2025-07-20,10069.56
3541,2025-07-20,4433.97
3542,2025-07-20,1569.92
3543,2025-07-20,8299.20
3544,2025-07-20,2390.86
3545,2025-07-20,14865.36
3546,2025-07-20,1660.47
3547,2025-07-20,1177.71
3548,2025-07-20,7212.38
3549,2025-07-20,296.28
3550,2025-07-20,553.49
3551,2025-07-20,3533.13
3552,2025-07-20,765.12
3553,2025-07-20,7389.95
3554,2025-07-20,147.36
3555,2025-07-20,4745.04
3556,2025-07-20,1477.99
3557,2025-07-20,8002.08
3558,2025-07-20,11071.76
3559,2025-07-20,6942.64
3560,2025-07-20,1962.85
3561,2025-07-20,9870.95
3562,2025-07-20,2331.28
3563,2025-07-20,582.82
3564,2025-07-20,5648.76
3565,2025-07-20,1785.28
3566,2025-07-20,73.68
3567,2025-07-20,4487.44
3568,2025-08-20,627.45
3569,2025-08-20,4745.04
3570,2025-08-20,11845.14
3571,2025-08-20,564.25
3572,2025-08-20,6942.64
3573,2025-08-20,6279.68
3574,2025-08-20,1464.05
3575,2025-08-20,902.80
3576,2025-08-20,9372.06
3577,2025-08-20,4487.44
3578,2025-08-20,1317.19
3579,2025-08-20,6182.04
3580,2025-08-20,3091.02
3581,2025-08-20,3716.34
3582,2025-08-20,392.57
3583,2025-08-20,13619.90
3584,2025-08-20,1387.56
3585,2025-08-20,3091.02
3586,2025-08-20,4165.36
3587,2025-08-20,1600.54
3588,2025-08-20,1195.43
3589,2025-08-20,7531.68
3590,2025-08-20,1121.86
3591,2025-08-20,4697.10
3592,2025-08-20,1581.68
3593,2025-08-20,7908.40
3594,2025-08-20,1785.28
3595,2025-08-20,3926.51
3596,2025-08-20,7212.38
3597,2025-08-20,3201.08
3598,2025-08-20,4339.15
3599,2025-09-20,6074.81
3600,2025-09-20,1600.54
3601,2025-09-20,2060.68
3602,2025-09-20,4475.36
3603,2025-09-20,3163.36
3604,2025-09-20,10758.87
3605,2025-09-20,1254.90
3606,2025-09-20,8473.14
3607,2025-09-20,782.85
3608,2025-09-20,1530.24
3609,2025-09-20,7896.76
3610,2025-09-20,1254.90
3611,2025-09-20,1185.12
3612,2025-09-20,7903.14
3613,2025-09-20,8002.08
3614,2025-09-20,11071.76
3615,2025-09-20,17767.71
3616,2025-09-20,11995.62
3617,2025-09-20,15422.94
3618,2025-09-20,11854.71
3619,2025-09-20,867.83
3620,2025-09-20,10537.52
3621,2025-09-20,5648.76
3622,2025-09-20,4427.92
3623,2025-09-20,1020.16
3624,2025-09-20,3716.34
3625,2025-09-20,9490.08
3626,2025-09-20,2767.45
3627,2025-09-20,6937.80
3628,2025-09-20,3201.08
3629,2025-09-20,5494.72
3630,2025-10-20,1106.98
3631,2025-10-20,7810.47
3632,2025-10-20,8568.30
3633,2025-10-20,7432.68
3634,2025-10-20,7202.43
3635,2025-10-20,5479.95
3636,2025-10-20,9870.95
3637,2025-10-20,2213.96
3638,2025-10-20,6326.72
3639,2025-10-20,110.52
3640,2025-10-20,1041.34
3641,2025-10-20,6279.68
3642,2025-10-20,17511.30
3643,2025-10-20,5648.76
3644,2025-10-20,2804.65
3645,2025-10-20,4475.36
3646,2025-10-20,2667.36
3647,2025-10-20,2804.65
3648,2025-10-20,3948.38
3649,2025-10-20,1688.28
3650,2025-10-20,2348.55
3651,2025-10-20,36.84
3652,2025-10-20,2767.45
3653,2025-10-20,3556.48
3654,2025-10-20,3716.34
3655,2025-10-20,2824.38
3656,2025-10-20,3356.52
3657,2025-10-20,1275.20
3658,2025-10-20,6248.04
3659,2025-10-20,1037.40
3660,2025-11-20,3091.02
3661,2025-11-20,3365.58
3662,2025-11-20,1015.65
3663,2025-11-20,4981.41
3664,2025-11-20,7531.68
3665,2025-11-20,3124.02
3666,2025-11-20,8867.94
3667,2025-11-20,6224.40
3668,2025-11-20,1688.28
3669,2025-11-20,392.57
3670,2025-11-20,2681.40
3671,2025-11-20,7782.80
3672,2025-11-20,510.08
3673,2025-11-20,36.84
3674,2025-11-20,4475.36
3675,2025-11-20,392.57
3676,2025-11-20,2775.12
3677,2025-11-20,2634.38
3678,2025-11-20,4149.60
3679,2025-11-20,6713.04
3680,2025-11-20,7172.58
3681,2025-11-20,4162.68
3682,2025-11-20,9273.06
3683,2025-11-20,3128.30
3684,2025-11-20,6402.16
3685,2025-11-20,941.46
3686,2025-11-20,6590.22
3687,2025-11-20,6182.04
3688,2025-11-20,677.10
3689,2025-11-20,3163.36
3690,2025-11-20,6248.04
3691,2025-12-20,1974.19
3692,2025-12-20,9728.50
3693,2025-12-20,5048.37
3694,2025-12-20,9220.33
3695,2025-12-20,3716.34
3696,2025-12-20,2331.28
3697,2025-12-20,3124.02
3698,2025-12-20,2243.72
3699,2025-12-20,9336.60
3700,2025-12-20,6713.04
3701,2025-12-20,836.60
3702,2025-12-20,7903.14
3703,2025-12-20,5648.76
3704,2025-12-20,4433.97
3705,2025-12-20,1254.90
3706,2025-12-20,3496.92
3707,2025-12-20,3201.08
3708,2025-12-20,1317.19
3709,2025-12-20,2040.32
3710,2025-12-20,3112.20
3711,2025-12-20,1477.99
3712,2025-12-20,1387.56
3713,2025-12-20,8242.72
3714,2025-12-20,9372.06
3715,2025-12-20,8299.20
3716,2025-12-20,3140.56
3717,2025-12-20,3716.34
3718,2025-12-20,1785.28
3719,2025-12-20,294.72
3720,2025-12-20,5048.37
3721,2026-01-20,3201.08
3722,2026-01-20,338.55
3723,2026-01-20,13301.91
3724,2026-01-20,2400.81
3725,2026-01-20,338.55
3726,2026-01-20,4001.35
3727,2026-01-20,2603.49
3728,2026-01-20,5334.72
3729,2026-01-20,5334.72
3730,2026-01-20,1045.75
3731,2026-01-20,2532.42
3732,2026-01-20,1570.28
3733,2026-01-20,6854.64
3734,2026-01-20,2804.65
3735,2026-01-20,1118.84
3736,2026-01-20,7831.88
3737,2026-01-20,3163.36
3738,2026-01-20,4339.15
3739,2026-01-20,5245.38
3740,2026-01-20,6937.80
3741,2026-01-20,13007.19
3742,2026-01-20,1858.17
3743,2026-01-20,7432.68
3744,2026-01-20,10069.56
3745,2026-01-20,3427.32
3746,2026-01-20,2237.68
3747,2026-01-20,5151.70
3748,2026-01-20,3320.94
3749,2026-01-20,836.60
3750,2026-01-20,7389.95
3751,2026-01-20,4022.10
3752,2026-02-20,225.70
3753,2026-02-20,8867.94
3754,2026-02-20,4697.10
3755,2026-02-20,1735.66
3756,2026-02-20,14865.36
3757,2026-02-20,5206.70
3758,2026-02-20,8568.30
3759,2026-02-20,13709.28
3760,2026-02-20,9290.85
3761,2026-02-20,4662.56
3762,2026-02-20,1569.92
3763,2026-02-20,2355.42
3764,2026-02-20,2390.86
3765,2026-02-20,1015.65
3766,2026-02-20,3201.08
3767,2026-02-20,294.72
3768,2026-02-20,110.52
3769,2026-02-20,3201.08
3770,2026-02-20,7908.40
3771,2026-02-20,9563.44
3772,2026-02-20,3924.80
3773,2026-02-20,5494.72
3774,2026-02-20,225.70
3775,2026-02-20,3427.32
3776,2026-02-20,418.30
3777,2026-02-20,888.84
3778,2026-02-20,6248.04
3779,2026-02-20,10537.52
3780,2026-02-20,1195.43
3781,2026-02-20,11845.14
3782,2026-02-20,1974.19
3783,2026-03-20,4445.60
3784,2026-03-20,225.70
3785,2026-03-20,4707.30
3786,2026-03-20,3201.08
3787,2026-03-20,10069.56
3788,2026-03-20,844.14
3789,2026-03-20,8867.94
3790,2026-03-20,147.36
3791,2026-03-20,2955.98
3792,2026-03-20,2331.28
3793,2026-03-20,2955.98
3794,2026-03-20,1660.47
3795,2026-03-20,1565.70
3796,2026-03-20,8330.72
3797,2026-03-20,5911.96
3798,2026-03-20,14865.36
3799,2026-03-20,941.46
3800,2026-03-20,4079.74
3801,2026-03-20,1387.56
3802,2026-03-20,784.96
3803,2026-03-20,2955.98
3804,2026-03-20,740.70
3805,2026-03-20,13007.19
3806,2026-03-20,5245.38
3807,2026-03-20,7903.14
3808,2026-03-20,6402.16
3809,2026-03-20,338.55
3810,2026-03-20,1036.98
3811,2026-04-20,1682.79
3812,2026-04-20,1530.24
3813,2026-04-20,5911.96
3814,2026-04-20,6279.68
3815,2026-04-20,1118.84
3816,2026-04-20,1962.85
3817,2026-04-20,13007.19
3818,2026-04-20,3716.34
3819,2026-04-20,1600.54
3820,2026-04-20,844.14
3821,2026-04-20,1275.20
3822,2026-04-20,7531.68
3823,2026-04-20,4981.41
3824,2026-04-20,4427.92
3825,2026-04-20,11100.48
3826,2026-04-20,1565.70
3827,2026-04-20,338.55
3828,2026-04-20,1037.40
3829,2026-04-20,5334.72
3830,2026-04-20,10345.93
3831,2026-04-20,3112.20
3832,2026-04-20,2354.88
3833,2026-04-20,331.56
3834,2026-04-20,6074.81
3835,2026-04-20,5245.38
3836,2026-04-20,2348.55
3837,2026-04-20,2804.65
3838,2026-04-20,5151.70
3839,2026-04-20,3131.40
3840,2026-04-20,11149.02
3841,2026-04-20,3112.20
3842,2026-05-20,3891.40
3843,2026-05-20,2354.88
3844,2026-05-20,3924.80
3845,2026-05-20,5922.57
3846,2026-05-20,255.04
3847,2026-05-20,5479.95
3848,2026-05-20,418.30
3849,2026-05-20,6248.04
3850,2026-05-20,8330.72
3851,2026-05-20,1317.19
3852,2026-05-20,13709.28
3853,2026-05-20,15793.52
3854,2026-05-20,11854.71
3855,2026-05-20,1121.86
3856,2026-05-20,392.57
3857,2026-05-20,592.56
3858,2026-05-20,784.96
3859,2026-05-20,9728.50
3860,2026-05-20,2082.68
3861,2026-05-20,7289.38
3862,2026-05-20,8002.08
3863,2026-05-20,1125.52
3864,2026-05-20,6937.80
3865,2026-05-20,510.08
3866,2026-05-20,1748.46
3867,2026-05-20,2237.68
3868,2026-05-20,7389.95
3869,2026-05-20,1106.98
3870,2026-05-20,73.68
3871,2026-05-20,1185.12
3872,2026-06-20,6942.64
3873,2026-06-20,4445.60
3874,2026-06-20,4165.36
3875,2026-06-20,510.08
3876,2026-06-20,2348.55
3877,2026-06-20,4149.60
3878,2026-06-20,4662.56
3879,2026-06-20,3575.20
3880,2026-06-20,5268.76
3881,2026-06-20,5601.89
3882,2026-06-20,1785.28
3883,2026-06-20,2074.80
3884,2026-06-20,8950.72
3885,2026-06-20,2082.68
3886,2026-06-20,2667.36
3887,2026-06-20,1185.12
3888,2026-06-20,4662.56
3889,2026-06-20,1015.65
3890,2026-06-20,15793.52
3891,2026-06-20,3124.02
3892,2026-06-20,2251.04
3893,2026-06-20,15793.52
3894,2026-06-20,902.80
3895,2026-06-20,1275.20
3896,2026-06-20,784.96
3897,2026-06-20,2603.49
3898,2026-06-20,4121.36
3899,2026-06-20,11854.71
3900,2026-06-20,5187.00
3901,2026-06-20,765.12
3902,2026-06-20,1713.66
3903,2026-07-20,3533.13
3904,2026-07-20,1406.90
3905,2026-07-20,9220.33
3906,2026-07-20,5268.76
3907,2026-07-20,7531.68
3908,2026-07-20,209.15
3909,2026-07-20,5837.10
3910,2026-07-20,4079.74
3911,2026-07-20,4121.36
3912,2026-07-20,3926.51
3913,2026-07-20,3201.08
3914,2026-07-20,564.25
3915,2026-07-20,1882.92
3916,2026-07-20,5479.95
3917,2026-07-20,3139.84
3918,2026-07-20,9870.95
3919,2026-07-20,3496.92
3920,2026-07-20,3926.51
3921,2026-07-20,4121.36
3922,2026-07-20,148.14
3923,2026-07-20,112.85
3924,2026-07-20,3926.51
3925,2026-07-20,2040.32
3926,2026-07-20,1477.99
3927,2026-07-20,560.93
3928,2026-07-20,5048.37
3929,2026-07-20,1106.98
3930,2026-07-20,221.04
3931,2026-07-20,5206.70
3932,2026-07-20,765.12
3933,2026-08-20,11674.20
3934,2026-08-20,6262.80
3935,2026-08-20,209.15
3936,2026-08-20,4745.04
3937,2026-08-20,12488.04
3938,2026-08-20,5151.70
3939,2026-08-20,6182.04
3940,2026-08-20,784.96
3941,2026-08-20,9490.08
3942,2026-08-20,8330.72
3943,2026-08-20,510.08
3944,2026-08-20,451.40
3945,2026-08-20,2603.49
3946,2026-08-20,10758.87
3947,2026-08-20,13301.91
3948,2026-08-20,553.49
3949,2026-08-20,1275.20
3950,2026-08-20,7212.38
3951,2026-08-20,9290.85
3952,2026-08-20,4745.04
3953,2026-08-20,2295.36
3954,2026-08-20,1600.54
3955,2026-08-20,2348.55
3956,2026-08-20,9563.44
3957,2026-08-20,2251.04
3958,2026-08-20,4662.56
3959,2026-08-20,2237.68
3960,2026-08-20,784.96
3961,2026-08-20,13819.33
3962,2026-08-20,5911.96
3963,2026-08-20,4165.36
3964,2026-09-20,2603.49
3965,2026-09-20,7389.95
3966,2026-09-20,3124.02
3967,2026-09-20,5977.15
3968,2026-09-20,7903.14
3969,2026-09-20,13709.28
3970,2026-09-20,740.70
3971,2026-09-20,13819.33
3972,2026-09-20,7289.38
3973,2026-09-20,1882.35
3974,2026-09-20,3575.20
3975,2026-09-20,3948.38
3976,2026-09-20,1333.26
3977,2026-09-20,6224.40
3978,2026-09-20,5601.89
3979,2026-09-20,12488.04
3980,2026-09-20,147.36
3981,2026-09-20,5601.89
3982,2026-09-20,1254.90
3983,2026-09-20,677.10
3984,2026-09-20,3131.40
3985,2026-09-20,15793.52
3986,2026-09-20,553.49
3987,2026-09-20,5140.98
3988,2026-09-20,888.84
3989,2026-09-20,740.70
3990,2026-09-20,1125.52
3991,2026-09-20,1735.66
3992,2026-09-20,3556.48
3993,2026-09-20,9728.50
3994,2026-09-20,2681.40
3995,2026-10-20,1673.20
3996,2026-10-20,10537.52
3997,2026-10-20,4339.15
3998,2026-10-20,3131.40
3999,2026-10-20,7112.96
4000,2026-10-20,3586.29
