"ventaid","cantidad","preciounitario","productoid","clienteid"
101,6,"36.84",514,1058
102,3,"560.93",509,1086
103,1,"1041.34",527,1060
104,3,"582.82",530,1024
105,6,"1041.34",527,1063
106,7,"1974.19",525,1022
107,5,"255.04",517,1070
108,3,"392.57",521,1025
109,2,"446.9",510,1064
110,2,"1195.43",504,1024
111,3,"1858.17",515,1100
112,7,"209.15",507,1040
113,9,"1477.99",524,1043
114,3,"281.38",516,1014
115,9,"1581.68",511,1043
116,8,"941.46",506,1044
117,9,"1945.7",501,1016
118,1,"941.46",506,1031
119,3,"1713.66",520,1079
120,6,"1858.17",515,1024
121,8,"1477.99",524,1063
122,4,"800.27",526,1033
123,7,"255.04",517,1009
124,2,"800.27",526,1086
125,4,"1858.17",515,1078
126,7,"1195.43",504,1099
127,2,"36.84",514,1092
128,2,"553.49",512,1093
129,8,"1195.43",504,1086
130,7,"1858.17",515,1043
131,3,"1713.66",520,1006
132,3,"1945.7",501,1089
133,5,"392.57",521,1027
134,7,"784.96",523,1004
135,6,"1118.84",508,1051
136,8,"560.93",509,1061
137,9,"446.9",510,1060
138,7,"446.9",510,1076
139,1,"1945.7",501,1007
140,2,"1037.4",503,1090
141,8,"867.83",505,1018
142,1,"1477.99",524,1011
143,6,"1195.43",504,1069
144,7,"941.46",506,1036
145,1,"281.38",516,1032
146,4,"1195.43",504,1057
147,8,"582.82",530,1093
148,9,"1581.68",511,1095
149,6,"1317.19",502,1068
150,5,"148.14",528,1083
151,9,"784.96",523,1044
152,3,"1581.68",511,1082
153,7,"1858.17",515,1012
154,2,"553.49",512,1001
155,5,"1037.4",503,1062
156,1,"1387.56",519,1053
157,7,"209.15",507,1010
158,4,"446.9",510,1023
159,7,"560.93",509,1055
160,1,"1030.34",513,1068
161,2,"209.15",507,1087
162,3,"784.96",523,1019
163,8,"255.04",517,1010
164,4,"1195.43",504,1052
165,7,"1195.43",504,1049
166,1,"112.85",529,1055
167,6,"112.85",529,1092
168,3,"446.9",510,1011
169,8,"281.38",516,1095
170,5,"1317.19",502,1002
171,2,"1581.68",511,1017
172,7,"1195.43",504,1052
173,3,"1477.99",524,1073
174,4,"36.84",514,1001
175,4,"281.38",516,1043
176,1,"1037.4",503,1040
177,8,"1713.66",520,1030
178,1,"36.84",514,1072
179,3,"255.04",517,1097
180,9,"1317.19",502,1085
181,2,"1945.7",501,1005
182,5,"867.83",505,1039
183,3,"1858.17",515,1004
184,6,"112.85",529,1100
185,4,"1195.43",504,1015
186,3,"1195.43",504,1076
187,4,"1581.68",511,1065
188,4,"941.46",506,1015
189,9,"1195.43",504,1069
190,1,"941.46",506,1050
191,3,"1118.84",508,1040
192,7,"800.27",526,1084
193,2,"1581.68",511,1003
194,1,"1195.43",504,1011
195,1,"800.27",526,1097
196,8,"1477.99",524,1051
197,6,"800.27",526,1047
198,6,"209.15",507,1098
199,3,"1581.68",511,1049
200,8,"36.84",514,1051
201,8,"867.83",505,1039
202,7,"1317.19",502,1045
203,5,"553.49",512,1061
204,4,"1974.19",525,1074
205,9,"867.83",505,1054
206,3,"209.15",507,1055
207,5,"800.27",526,1053
208,6,"784.96",523,1075
209,8,"1581.68",511,1021
210,8,"1477.99",524,1073
211,8,"1030.34",513,1035
212,1,"782.85",522,1045
213,1,"784.96",523,1050
214,4,"1118.84",508,1039
215,4,"800.27",526,1032
216,2,"553.49",512,1005
217,9,"560.93",509,1024
218,2,"941.46",506,1026
219,7,"1858.17",515,1033
220,4,"1118.84",508,1024
221,2,"281.38",516,1028
222,1,"209.15",507,1029
223,8,"281.38",516,1027
224,9,"1945.7",501,1080
225,3,"782.85",522,1084
226,2,"784.96",523,1009
227,2,"36.84",514,1017
228,7,"1030.34",513,1067
229,9,"1387.56",519,1020
230,3,"1041.34",527,1039
231,3,"1037.4",503,1066
232,2,"1974.19",525,1053
233,5,"446.9",510,1055
234,4,"1037.4",503,1021
235,5,"1387.56",519,1058
236,2,"867.83",505,1048
237,3,"800.27",526,1039
238,4,"800.27",526,1020
239,2,"112.85",529,1072
240,4,"209.15",507,1069
241,1,"1317.19",502,1069
242,4,"1713.66",520,1035
243,4,"1037.4",503,1011
244,5,"1477.99",524,1097
245,6,"941.46",506,1100
246,6,"1713.66",520,1065
247,7,"784.96",523,1063
248,8,"36.84",514,1030
249,7,"1581.68",511,1039
250,6,"553.49",512,1057
251,9,"1581.68",511,1081
252,9,"784.96",523,1034
253,8,"392.57",521,1034
254,1,"1945.7",501,1036
255,8,"148.14",528,1007
256,7,"446.9",510,1061
257,6,"392.57",521,1060
258,1,"889.12",518,1094
259,9,"392.57",521,1096
260,6,"36.84",514,1065
261,1,"1037.4",503,1099
262,1,"889.12",518,1060
263,4,"1030.34",513,1090
264,6,"784.96",523,1048
265,9,"1581.68",511,1093
266,4,"1581.68",511,1019
267,9,"1041.34",527,1030
268,1,"1041.34",527,1015
269,6,"1477.99",524,1051
270,4,"1037.4",503,1085
271,1,"1945.7",501,1094
272,3,"36.84",514,1002
273,9,"582.82",530,1082
274,9,"255.04",517,1068
275,4,"941.46",506,1041
276,6,"1317.19",502,1051
277,1,"281.38",516,1043
278,9,"36.84",514,1021
279,9,"782.85",522,1010
280,9,"800.27",526,1046
281,3,"255.04",517,1089
282,5,"1041.34",527,1057
283,5,"1945.7",501,1089
284,2,"112.85",529,1012
285,6,"1945.7",501,1055
286,6,"553.49",512,1007
287,6,"1858.17",515,1022
288,8,"1030.34",513,1052
289,1,"1974.19",525,1036
290,6,"1477.99",524,1061
291,3,"1030.34",513,1047
292,4,"1118.84",508,1024
293,6,"209.15",507,1043
294,3,"553.49",512,1053
295,3,"1477.99",524,1066
296,9,"1195.43",504,1095
297,8,"209.15",507,1053
298,7,"560.93",509,1074
299,8,"889.12",518,1095
300,6,"36.84",514,1058
301,1,"784.96",523,1070
302,1,"941.46",506,1046
303,5,"800.27",526,1010
304,3,"1477.99",524,1068
305,1,"281.38",516,1028
306,4,"941.46",506,1074
307,7,"1387.56",519,1064
308,5,"553.49",512,1084
309,6,"1945.7",501,1070
310,8,"1945.7",501,1063
311,2,"148.14",528,1036
312,8,"392.57",521,1012
313,2,"1945.7",501,1029
314,7,"553.49",512,1085
315,1,"281.38",516,1005
316,1,"782.85",522,1082
317,2,"1945.7",501,1096
318,2,"1195.43",504,1039
319,3,"1858.17",515,1061
320,2,"1030.34",513,1039
321,9,"941.46",506,1034
322,1,"1195.43",504,1094
323,9,"941.46",506,1071
324,1,"1195.43",504,1080
325,9,"1030.34",513,1030
326,6,"582.82",530,1025
327,5,"784.96",523,1011
328,6,"36.84",514,1082
329,2,"1387.56",519,1052
330,1,"867.83",505,1057
331,8,"209.15",507,1099
332,9,"1974.19",525,1022
333,3,"1030.34",513,1025
334,8,"784.96",523,1030
335,7,"1974.19",525,1058
336,6,"392.57",521,1040
337,9,"112.85",529,1020
338,1,"1030.34",513,1070
339,2,"209.15",507,1002
340,2,"782.85",522,1071
341,1,"1387.56",519,1065
342,5,"889.12",518,1086
343,4,"889.12",518,1070
344,2,"1037.4",503,1001
345,7,"1945.7",501,1027
346,1,"582.82",530,1061
347,5,"255.04",517,1088
348,4,"1387.56",519,1036
349,6,"782.85",522,1043
350,2,"1581.68",511,1056
351,1,"941.46",506,1083
352,9,"560.93",509,1032
353,7,"1041.34",527,1094
354,8,"1037.4",503,1071
355,2,"560.93",509,1099
356,7,"1713.66",520,1078
357,2,"392.57",521,1067
358,8,"582.82",530,1037
359,8,"867.83",505,1045
360,3,"392.57",521,1024
361,3,"209.15",507,1029
362,7,"1858.17",515,1006
363,6,"784.96",523,1081
364,2,"1713.66",520,1038
365,5,"1477.99",524,1020
366,3,"209.15",507,1015
367,7,"281.38",516,1016
368,1,"867.83",505,1083
369,8,"867.83",505,1088
370,2,"553.49",512,1036
371,2,"941.46",506,1013
372,8,"209.15",507,1062
373,2,"553.49",512,1011
374,5,"1581.68",511,1096
375,9,"112.85",529,1085
376,1,"1317.19",502,1088
377,4,"867.83",505,1041
378,2,"867.83",505,1085
379,1,"782.85",522,1006
380,3,"112.85",529,1038
381,6,"784.96",523,1062
382,2,"1858.17",515,1088
383,8,"889.12",518,1083
384,2,"941.46",506,1084
385,4,"1945.7",501,1038
386,6,"1945.7",501,1069
387,4,"281.38",516,1009
388,1,"255.04",517,1044
389,6,"582.82",530,1032
390,7,"889.12",518,1091
391,8,"941.46",506,1037
392,3,"36.84",514,1051
393,1,"867.83",505,1088
394,9,"1945.7",501,1010
395,6,"1118.84",508,1061
396,8,"553.49",512,1090
397,9,"560.93",509,1050
398,7,"1945.7",501,1051
399,2,"281.38",516,1027
400,4,"1317.19",502,1031
401,8,"889.12",518,1075
402,8,"255.04",517,1060
403,8,"782.85",522,1022
404,2,"784.96",523,1044
405,4,"446.9",510,1066
406,5,"1858.17",515,1036
407,7,"209.15",507,1051
408,8,"148.14",528,1019
409,7,"1581.68",511,1060
410,3,"1477.99",524,1031
411,1,"36.84",514,1050
412,6,"1195.43",504,1005
413,5,"560.93",509,1063
414,1,"446.9",510,1035
415,4,"1477.99",524,1005
416,7,"209.15",507,1002
417,3,"1195.43",504,1012
418,1,"1945.7",501,1008
419,4,"148.14",528,1047
420,7,"1195.43",504,1066
421,3,"1195.43",504,1095
422,8,"1195.43",504,1048
423,8,"784.96",523,1026
424,8,"446.9",510,1010
425,1,"1477.99",524,1055
426,7,"1387.56",519,1011
427,8,"1195.43",504,1087
428,2,"1945.7",501,1032
429,3,"582.82",530,1081
430,7,"1387.56",519,1068
431,4,"800.27",526,1018
432,6,"1858.17",515,1082
433,6,"1477.99",524,1061
434,5,"1858.17",515,1037
435,6,"446.9",510,1079
436,3,"1713.66",520,1086
437,9,"1581.68",511,1001
438,2,"1030.34",513,1013
439,4,"281.38",516,1011
440,2,"1317.19",502,1077
441,5,"446.9",510,1068
442,3,"784.96",523,1002
443,5,"1581.68",511,1080
444,1,"1858.17",515,1070
445,5,"800.27",526,1085
446,9,"1713.66",520,1029
447,5,"1387.56",519,1079
448,1,"1118.84",508,1006
449,5,"553.49",512,1024
450,6,"560.93",509,1096
451,7,"1195.43",504,1057
452,6,"1477.99",524,1050
453,1,"281.38",516,1061
454,4,"1195.43",504,1049
455,9,"1581.68",511,1025
456,9,"889.12",518,1095
457,4,"1387.56",519,1010
458,5,"1118.84",508,1072
459,3,"1317.19",502,1054
460,6,"1030.34",513,1078
461,8,"553.49",512,1095
462,5,"582.82",530,1045
463,7,"36.84",514,1066
464,7,"1118.84",508,1058
465,9,"1713.66",520,1031
466,8,"889.12",518,1048
467,5,"112.85",529,1073
468,3,"1858.17",515,1044
469,3,"553.49",512,1067
470,3,"1581.68",511,1090
471,5,"1118.84",508,1003
472,4,"209.15",507,1029
473,1,"553.49",512,1085
474,9,"148.14",528,1013
475,2,"1477.99",524,1090
476,8,"1118.84",508,1061
477,6,"36.84",514,1036
478,1,"1581.68",511,1017
479,5,"1945.7",501,1078
480,3,"782.85",522,1043
481,3,"1858.17",515,1055
482,1,"112.85",529,1002
483,9,"800.27",526,1085
484,4,"582.82",530,1037
485,9,"1858.17",515,1071
486,8,"1195.43",504,1044
487,4,"1477.99",524,1006
488,6,"36.84",514,1028
489,9,"255.04",517,1005
490,9,"782.85",522,1041
491,6,"582.82",530,1081
492,4,"281.38",516,1027
493,3,"1477.99",524,1069
494,1,"1858.17",515,1097
495,8,"1030.34",513,1073
496,8,"1030.34",513,1070
497,3,"553.49",512,1088
498,2,"36.84",514,1042
499,7,"392.57",521,1052
500,2,"148.14",528,1005
501,8,"1945.7",501,1035
502,6,"867.83",505,1082
503,8,"112.85",529,1005
504,4,"784.96",523,1075
505,1,"1477.99",524,1041
506,4,"446.9",510,1100
507,2,"1713.66",520,1053
508,7,"1858.17",515,1062
509,5,"148.14",528,1059
510,5,"1037.4",503,1026
511,1,"1974.19",525,1086
512,6,"867.83",505,1074
513,3,"1118.84",508,1070
514,7,"36.84",514,1011
515,6,"889.12",518,1027
516,8,"446.9",510,1083
517,6,"941.46",506,1095
518,5,"941.46",506,1078
519,6,"446.9",510,1029
520,5,"782.85",522,1070
521,3,"1037.4",503,1043
522,7,"1974.19",525,1004
523,8,"446.9",510,1030
524,4,"255.04",517,1050
525,3,"800.27",526,1019
526,5,"446.9",510,1021
527,7,"1581.68",511,1099
528,8,"1477.99",524,1006
529,2,"1974.19",525,1050
530,3,"1195.43",504,1034
531,1,"1945.7",501,1092
532,8,"1387.56",519,1064
533,6,"941.46",506,1059
534,9,"112.85",529,1053
535,4,"1945.7",501,1092
536,3,"553.49",512,1012
537,2,"1037.4",503,1053
538,8,"941.46",506,1001
539,9,"1581.68",511,1066
540,1,"112.85",529,1070
541,1,"867.83",505,1020
542,8,"148.14",528,1040
543,4,"392.57",521,1012
544,1,"392.57",521,1067
545,5,"148.14",528,1033
546,8,"784.96",523,1037
547,6,"560.93",509,1041
548,1,"281.38",516,1042
549,7,"392.57",521,1072
550,6,"446.9",510,1050
551,3,"1195.43",504,1033
552,4,"1858.17",515,1096
553,2,"112.85",529,1007
554,2,"1118.84",508,1078
555,1,"1581.68",511,1073
556,3,"209.15",507,1032
557,9,"1713.66",520,1015
558,1,"1858.17",515,1067
559,7,"1713.66",520,1063
560,7,"867.83",505,1059
561,2,"582.82",530,1026
562,5,"446.9",510,1077
563,7,"1041.34",527,1024
564,8,"1195.43",504,1008
565,4,"889.12",518,1023
566,2,"941.46",506,1011
567,3,"800.27",526,1091
568,2,"582.82",530,1075
569,5,"782.85",522,1091
570,7,"1945.7",501,1098
571,9,"784.96",523,1024
572,7,"784.96",523,1021
573,8,"1317.19",502,1031
574,7,"800.27",526,1013
575,7,"553.49",512,1038
576,4,"209.15",507,1052
577,3,"782.85",522,1063
578,5,"1317.19",502,1046
579,6,"1974.19",525,1065
580,2,"36.84",514,1024
581,1,"1945.7",501,1050
582,4,"1858.17",515,1030
583,4,"1037.4",503,1062
584,8,"889.12",518,1003
585,3,"582.82",530,1045
586,1,"582.82",530,1021
587,3,"867.83",505,1031
588,5,"1581.68",511,1071
589,9,"1387.56",519,1027
590,7,"582.82",530,1096
591,2,"446.9",510,1083
592,1,"782.85",522,1012
593,3,"1041.34",527,1088
594,8,"1713.66",520,1056
595,9,"553.49",512,1050
596,4,"255.04",517,1075
597,2,"941.46",506,1042
598,4,"553.49",512,1009
599,5,"1118.84",508,1099
600,9,"1118.84",508,1005
601,7,"392.57",521,1095
602,6,"941.46",506,1061
603,2,"1317.19",502,1091
604,6,"36.84",514,1034
605,2,"889.12",518,1008
606,5,"209.15",507,1073
607,5,"1317.19",502,1019
608,8,"867.83",505,1097
609,7,"392.57",521,1074
610,7,"1945.7",501,1002
611,8,"784.96",523,1010
612,4,"1858.17",515,1006
613,3,"392.57",521,1048
614,4,"1858.17",515,1080
615,4,"1974.19",525,1043
616,6,"1317.19",502,1043
617,6,"1581.68",511,1053
618,9,"553.49",512,1065
619,8,"1387.56",519,1035
620,3,"1317.19",502,1016
621,6,"582.82",530,1002
622,6,"112.85",529,1014
623,3,"782.85",522,1050
624,5,"889.12",518,1055
625,9,"1477.99",524,1092
626,9,"1030.34",513,1004
627,6,"1030.34",513,1007
628,2,"1945.7",501,1038
629,1,"1945.7",501,1092
630,3,"582.82",530,1021
631,3,"209.15",507,1081
632,8,"800.27",526,1026
633,6,"867.83",505,1068
634,5,"867.83",505,1026
635,9,"1858.17",515,1097
636,4,"867.83",505,1082
637,8,"1477.99",524,1086
638,5,"582.82",530,1077
639,8,"446.9",510,1005
640,9,"1118.84",508,1066
641,3,"1477.99",524,1097
642,2,"784.96",523,1036
643,8,"1037.4",503,1024
644,2,"1195.43",504,1079
645,8,"1858.17",515,1098
646,3,"553.49",512,1050
647,3,"392.57",521,1017
648,7,"1030.34",513,1087
649,2,"148.14",528,1024
650,1,"553.49",512,1092
651,9,"392.57",521,1063
652,3,"255.04",517,1096
653,5,"1477.99",524,1057
654,4,"36.84",514,1098
655,3,"1581.68",511,1095
656,1,"1477.99",524,1070
657,9,"889.12",518,1045
658,7,"1581.68",511,1097
659,8,"867.83",505,1004
660,5,"392.57",521,1009
661,5,"1974.19",525,1063
662,4,"582.82",530,1011
663,1,"582.82",530,1091
664,6,"941.46",506,1032
665,7,"255.04",517,1017
666,2,"36.84",514,1034
667,8,"560.93",509,1041
668,3,"209.15",507,1008
669,3,"1581.68",511,1091
670,6,"1974.19",525,1005
671,5,"112.85",529,1015
672,8,"867.83",505,1062
673,8,"784.96",523,1007
674,7,"209.15",507,1008
675,8,"112.85",529,1022
676,9,"1041.34",527,1017
677,8,"560.93",509,1029
678,1,"1317.19",502,1009
679,6,"1030.34",513,1093
680,3,"1030.34",513,1047
681,2,"1858.17",515,1096
682,1,"392.57",521,1035
683,7,"1945.7",501,1093
684,1,"1387.56",519,1003
685,3,"1030.34",513,1035
686,4,"1041.34",527,1078
687,2,"800.27",526,1039
688,1,"1195.43",504,1071
689,8,"941.46",506,1070
690,2,"560.93",509,1056
691,6,"782.85",522,1052
692,1,"1581.68",511,1073
693,5,"1581.68",511,1008
694,7,"255.04",517,1068
695,7,"560.93",509,1056
696,7,"1030.34",513,1029
697,4,"800.27",526,1011
698,5,"867.83",505,1018
699,7,"867.83",505,1046
700,2,"800.27",526,1096
701,2,"1030.34",513,1100
702,4,"1118.84",508,1070
703,2,"1581.68",511,1041
704,9,"1195.43",504,1016
705,6,"209.15",507,1036
706,9,"941.46",506,1041
707,1,"782.85",522,1068
708,6,"255.04",517,1010
709,4,"1974.19",525,1043
710,6,"209.15",507,1044
711,8,"148.14",528,1084
712,6,"1317.19",502,1010
713,9,"889.12",518,1072
714,7,"1581.68",511,1021
715,9,"1974.19",525,1075
716,7,"1713.66",520,1026
717,9,"1713.66",520,1005
718,9,"1317.19",502,1029
719,1,"867.83",505,1071
720,8,"1317.19",502,1005
721,6,"941.46",506,1061
722,8,"553.49",512,1064
723,4,"255.04",517,1029
724,2,"1858.17",515,1093
725,6,"1581.68",511,1019
726,5,"553.49",512,1081
727,5,"1387.56",519,1013
728,4,"800.27",526,1020
729,7,"784.96",523,1006
730,2,"553.49",512,1001
731,9,"867.83",505,1039
732,5,"1713.66",520,1054
733,4,"1858.17",515,1002
734,9,"800.27",526,1090
735,7,"782.85",522,1060
736,5,"1974.19",525,1082
737,4,"553.49",512,1089
738,4,"1581.68",511,1018
739,3,"36.84",514,1063
740,1,"1041.34",527,1059
741,8,"784.96",523,1016
742,9,"1945.7",501,1058
743,6,"941.46",506,1058
744,5,"560.93",509,1091
745,4,"1118.84",508,1062
746,3,"889.12",518,1013
747,5,"560.93",509,1092
748,2,"1974.19",525,1046
749,6,"281.38",516,1015
750,3,"782.85",522,1099
751,1,"36.84",514,1007
752,5,"553.49",512,1061
753,4,"889.12",518,1034
754,2,"1858.17",515,1081
755,3,"941.46",506,1042
756,3,"1118.84",508,1047
757,5,"255.04",517,1069
758,6,"1041.34",527,1085
759,1,"1037.4",503,1065
760,3,"1030.34",513,1050
761,6,"560.93",509,1082
762,9,"112.85",529,1035
763,9,"553.49",512,1036
764,8,"941.46",506,1024
765,3,"1041.34",527,1054
766,6,"1477.99",524,1075
767,6,"1037.4",503,1088
768,6,"281.38",516,1074
769,1,"392.57",521,1053
770,6,"446.9",510,1009
771,4,"1945.7",501,1098
772,2,"255.04",517,1027
773,1,"36.84",514,1070
774,4,"1118.84",508,1011
775,1,"392.57",521,1041
776,2,"1387.56",519,1078
777,2,"1317.19",502,1020
778,4,"1037.4",503,1077
779,6,"1118.84",508,1062
780,6,"1195.43",504,1058
781,3,"1387.56",519,1059
782,9,"1030.34",513,1043
783,7,"446.9",510,1038
784,8,"800.27",526,1085
785,1,"941.46",506,1036
786,7,"941.46",506,1011
787,6,"1030.34",513,1073
788,6,"112.85",529,1086
789,2,"1581.68",511,1051
790,6,"1041.34",527,1056
791,1,"1974.19",525,1044
792,5,"1945.7",501,1014
793,9,"560.93",509,1022
794,7,"1317.19",502,1041
795,2,"1858.17",515,1095
796,4,"582.82",530,1012
797,3,"1041.34",527,1069
798,4,"560.93",509,1004
799,9,"1037.4",503,1032
800,6,"1118.84",508,1005
801,4,"209.15",507,1059
802,6,"1317.19",502,1070
803,6,"941.46",506,1099
804,3,"1477.99",524,1079
805,6,"209.15",507,1047
806,6,"582.82",530,1015
807,4,"800.27",526,1068
808,1,"1317.19",502,1100
809,8,"255.04",517,1057
810,3,"1037.4",503,1043
811,1,"1477.99",524,1081
812,1,"1387.56",519,1011
813,8,"1030.34",513,1036
814,9,"1041.34",527,1041
815,8,"1037.4",503,1010
816,8,"392.57",521,1071
817,2,"1858.17",515,1087
818,7,"255.04",517,1092
819,8,"36.84",514,1086
820,9,"560.93",509,1039
821,4,"800.27",526,1035
822,3,"112.85",529,1023
823,9,"1477.99",524,1045
824,3,"800.27",526,1015
825,3,"112.85",529,1027
826,5,"800.27",526,1049
827,3,"867.83",505,1048
828,6,"889.12",518,1086
829,6,"889.12",518,1012
830,5,"209.15",507,1007
831,9,"281.38",516,1074
832,4,"392.57",521,1099
833,4,"1713.66",520,1047
834,5,"560.93",509,1096
835,1,"1118.84",508,1030
836,7,"1118.84",508,1064
837,2,"1581.68",511,1093
838,5,"867.83",505,1078
839,9,"582.82",530,1008
840,5,"1387.56",519,1075
841,7,"1858.17",515,1066
842,1,"1858.17",515,1033
843,4,"1858.17",515,1001
844,9,"1118.84",508,1012
845,2,"1713.66",520,1065
846,2,"1118.84",508,1060
847,5,"1030.34",513,1090
848,6,"553.49",512,1001
849,4,"209.15",507,1062
850,5,"1477.99",524,1025
851,9,"446.9",510,1086
852,2,"112.85",529,1081
853,6,"1477.99",524,1031
854,6,"782.85",522,1006
855,2,"867.83",505,1100
856,8,"1858.17",515,1059
857,5,"1041.34",527,1003
858,5,"1713.66",520,1098
859,8,"1713.66",520,1073
860,5,"1858.17",515,1054
861,8,"582.82",530,1043
862,2,"784.96",523,1037
863,6,"392.57",521,1083
864,2,"1195.43",504,1012
865,9,"112.85",529,1060
866,4,"800.27",526,1012
867,8,"36.84",514,1083
868,3,"36.84",514,1051
869,4,"800.27",526,1086
870,5,"1581.68",511,1014
871,8,"1195.43",504,1063
872,5,"784.96",523,1060
873,7,"784.96",523,1098
874,2,"112.85",529,1027
875,2,"1713.66",520,1089
876,2,"209.15",507,1091
877,6,"148.14",528,1057
878,6,"1041.34",527,1072
879,8,"1317.19",502,1099
880,1,"1195.43",504,1050
881,6,"1974.19",525,1085
882,1,"1974.19",525,1016
883,5,"889.12",518,1013
884,2,"112.85",529,1043
885,5,"941.46",506,1057
886,4,"800.27",526,1024
887,9,"1118.84",508,1064
888,3,"281.38",516,1021
889,6,"1477.99",524,1019
890,4,"36.84",514,1046
891,2,"1477.99",524,1027
892,4,"582.82",530,1062
893,2,"1477.99",524,1010
894,3,"553.49",512,1047
895,2,"782.85",522,1008
896,8,"1041.34",527,1011
897,4,"1477.99",524,1044
898,8,"1858.17",515,1037
899,1,"941.46",506,1067
900,7,"582.82",530,1040
901,1,"1387.56",519,1028
902,1,"784.96",523,1044
903,2,"1477.99",524,1078
904,5,"148.14",528,1011
905,7,"1858.17",515,1070
906,9,"582.82",530,1079
907,6,"1317.19",502,1060
908,8,"800.27",526,1063
909,3,"112.85",529,1097
910,7,"148.14",528,1053
911,3,"560.93",509,1001
912,6,"255.04",517,1002
913,4,"1477.99",524,1008
914,8,"784.96",523,1063
915,1,"1118.84",508,1015
916,5,"392.57",521,1072
917,7,"1858.17",515,1096
918,2,"1858.17",515,1007
919,2,"800.27",526,1045
920,3,"281.38",516,1029
921,5,"255.04",517,1059
922,8,"941.46",506,1091
923,9,"553.49",512,1081
924,8,"553.49",512,1071
925,8,"1387.56",519,1032
926,2,"782.85",522,1077
927,3,"112.85",529,1063
928,1,"1037.4",503,1068
929,6,"889.12",518,1005
930,7,"1477.99",524,1049
931,3,"1037.4",503,1030
932,3,"784.96",523,1049
933,9,"36.84",514,1040
934,7,"867.83",505,1033
935,9,"582.82",530,1030
936,3,"782.85",522,1050
937,5,"560.93",509,1083
938,5,"1030.34",513,1073
939,4,"782.85",522,1020
940,6,"1858.17",515,1018
941,3,"1037.4",503,1025
942,2,"1945.7",501,1039
943,3,"784.96",523,1025
944,5,"784.96",523,1018
945,3,"1974.19",525,1058
946,1,"255.04",517,1001
947,7,"782.85",522,1006
948,2,"209.15",507,1023
949,6,"1041.34",527,1029
950,8,"1041.34",527,1027
951,1,"1317.19",502,1011
952,8,"1713.66",520,1037
953,8,"1974.19",525,1098
954,9,"1317.19",502,1075
955,2,"560.93",509,1014
956,1,"392.57",521,1086
957,4,"148.14",528,1027
958,1,"784.96",523,1012
959,5,"1945.7",501,1035
960,2,"1041.34",527,1066
961,7,"1041.34",527,1100
962,9,"889.12",518,1065
963,4,"281.38",516,1095
964,5,"1387.56",519,1019
965,2,"255.04",517,1010
966,3,"582.82",530,1039
967,2,"1118.84",508,1079
968,5,"1477.99",524,1031
969,2,"553.49",512,1095
970,2,"36.84",514,1046
971,8,"148.14",528,1050
972,8,"867.83",505,1042
973,5,"889.12",518,1049
974,4,"1041.34",527,1073
975,2,"255.04",517,1039
976,3,"782.85",522,1042
977,4,"1037.4",503,1058
978,8,"582.82",530,1085
979,8,"446.9",510,1035
980,4,"1317.19",502,1004
981,7,"800.27",526,1027
982,7,"255.04",517,1093
983,2,"1037.4",503,1091
984,8,"1118.84",508,1073
985,2,"1041.34",527,1041
986,3,"889.12",518,1081
987,8,"148.14",528,1088
988,8,"582.82",530,1093
989,9,"112.85",529,1062
990,8,"1974.19",525,1030
991,3,"1041.34",527,1018
992,8,"281.38",516,1078
993,8,"1974.19",525,1043
994,8,"112.85",529,1078
995,5,"255.04",517,1056
996,1,"784.96",523,1002
997,3,"867.83",505,1030
998,4,"1030.34",513,1003
999,9,"1317.19",502,1083
1000,5,"1037.4",503,1049
1001,3,"255.04",517,1057
1002,1,"1713.66",520,1074
1003,9,"392.57",521,1100
1004,5,"281.38",516,1032
1005,7,"1317.19",502,1082
1006,4,"1317.19",502,1011
1007,8,"941.46",506,1032
1008,1,"209.15",507,1092
1009,3,"1945.7",501,1067
1010,7,"582.82",530,1041
1011,4,"1030.34",513,1016
1012,7,"560.93",509,1091
1013,4,"800.27",526,1056
1014,5,"112.85",529,1028
1015,2,"941.46",506,1033
1016,7,"782.85",522,1024
1017,4,"784.96",523,1057
1018,5,"1974.19",525,1091
1019,6,"582.82",530,1012
1020,7,"560.93",509,1067
1021,4,"1030.34",513,1016
1022,1,"148.14",528,1091
1023,1,"112.85",529,1075
1024,7,"560.93",509,1030
1025,8,"255.04",517,1023
1026,1,"1477.99",524,1068
1027,1,"560.93",509,1078
1028,9,"560.93",509,1096
1029,2,"553.49",512,1010
1030,6,"36.84",514,1044
1031,5,"1041.34",527,1080
1032,3,"255.04",517,1088
1033,6,"1945.7",501,1095
1034,8,"782.85",522,1009
1035,1,"209.15",507,1070
1036,3,"1581.68",511,1069
1037,9,"1387.56",519,1070
1038,5,"1030.34",513,1012
1039,6,"1030.34",513,1081
1040,1,"784.96",523,1001
1041,6,"1581.68",511,1022
1042,8,"1041.34",527,1041
1043,2,"255.04",517,1035
1044,4,"112.85",529,1090
1045,3,"867.83",505,1050
1046,9,"1195.43",504,1027
1047,9,"1477.99",524,1072
1048,1,"553.49",512,1006
1049,5,"255.04",517,1063
1050,7,"1030.34",513,1090
1051,5,"1858.17",515,1062
1052,3,"1581.68",511,1028
1053,9,"255.04",517,1007
1054,2,"800.27",526,1026
1055,3,"782.85",522,1064
1056,8,"1195.43",504,1056
1057,8,"281.38",516,1075
1058,8,"582.82",530,1061
1059,2,"1118.84",508,1087
1060,1,"784.96",523,1062
1061,7,"1974.19",525,1014
1062,4,"1477.99",524,1058
1063,4,"1041.34",527,1065
1064,3,"867.83",505,1008
1065,5,"1477.99",524,1075
1066,3,"1041.34",527,1029
1067,5,"1195.43",504,1031
1068,6,"1317.19",502,1016
1069,8,"1713.66",520,1076
1070,5,"148.14",528,1074
1071,7,"1974.19",525,1091
1072,7,"1041.34",527,1084
1073,9,"209.15",507,1003
1074,8,"446.9",510,1049
1075,2,"1974.19",525,1054
1076,9,"148.14",528,1098
1077,6,"1037.4",503,1082
1078,7,"800.27",526,1082
1079,9,"1387.56",519,1100
1080,4,"36.84",514,1091
1081,7,"800.27",526,1060
1082,6,"209.15",507,1073
1083,6,"112.85",529,1097
1084,4,"782.85",522,1024
1085,8,"1974.19",525,1042
1086,1,"553.49",512,1002
1087,3,"1713.66",520,1040
1088,6,"148.14",528,1007
1089,5,"148.14",528,1048
1090,4,"281.38",516,1063
1091,2,"867.83",505,1001
1092,4,"889.12",518,1097
1093,5,"1945.7",501,1002
1094,6,"446.9",510,1066
1095,8,"209.15",507,1014
1096,8,"1317.19",502,1017
1097,5,"867.83",505,1029
1098,4,"782.85",522,1098
1099,8,"889.12",518,1047
1100,3,"1195.43",504,1022
