"ventaid","fechaventa","region","montototal"
140,"2024-02-09","Oeste","2074.8"
155,"2024-02-24","Norte","5187"
176,"2024-03-16","Sur","1037.4"
231,"2024-05-10","Este","3112.2"
149,"2024-02-18","Sur","7903.14"
170,"2024-03-10","Este","6585.95"
180,"2024-03-20","Sur","11854.71"
110,"2024-01-10","Sur","2390.86"
126,"2024-01-26","Oeste","8368.01"
129,"2024-01-29","Sur","9563.44"
143,"2024-02-12","Norte","7172.58"
141,"2024-02-10","Oeste","6942.64"
182,"2024-03-22","Este","4339.15"
201,"2024-04-10","Este","6942.64"
205,"2024-04-14","Este","7810.47"
236,"2024-05-15","Oeste","1735.66"
116,"2024-01-16","Este","7531.68"
118,"2024-01-18","Norte","941.46"
144,"2024-02-13","Sur","6590.22"
188,"2024-03-28","Oeste","3765.84"
190,"2024-03-30","Norte","941.46"
218,"2024-04-27","Oeste","1882.92"
112,"2024-01-12","Este","1464.05"
157,"2024-02-26","Norte","1464.05"
161,"2024-03-01","Oeste","418.3"
198,"2024-04-07","Sur","1254.9"
206,"2024-04-15","Norte","627.45"
222,"2024-05-01","Este","209.15"
135,"2024-02-04","Norte","6713.04"
191,"2024-03-31","Oeste","3356.52"
214,"2024-04-23","Sur","4475.36"
220,"2024-04-29","Oeste","4475.36"
102,"2024-01-02","Sur","1682.79"
136,"2024-02-05","Sur","4487.44"
159,"2024-02-28","Oeste","3926.51"
217,"2024-04-26","Este","5048.37"
109,"2024-01-09","Oeste","893.8"
137,"2024-02-06","Este","4022.1"
138,"2024-02-07","Este","3128.3"
158,"2024-02-27","Norte","1787.6"
168,"2024-03-08","Sur","1340.7"
233,"2024-05-12","Oeste","2234.5"
115,"2024-01-15","Norte","14235.12"
148,"2024-02-17","Este","14235.12"
152,"2024-02-21","Este","4745.04"
171,"2024-03-11","Este","3163.36"
187,"2024-03-27","Sur","6326.72"
128,"2024-01-28","Norte","1106.98"
154,"2024-02-23","Este","1106.98"
203,"2024-04-12","Norte","2767.45"
216,"2024-04-25","Sur","1106.98"
160,"2024-02-29","Sur","1030.34"
211,"2024-04-20","Sur","8242.72"
228,"2024-05-07","Este","7212.38"
101,"2024-01-01","Oeste","221.04"
127,"2024-01-27","Norte","73.68"
174,"2024-03-14","Norte","147.36"
178,"2024-03-18","Oeste","36.84"
200,"2024-04-09","Oeste","294.72"
111,"2024-01-11","Este","5574.51"
120,"2024-01-20","Norte","11149.02"
125,"2024-01-25","Oeste","7432.68"
130,"2024-01-30","Este","13007.19"
153,"2024-02-22","Este","13007.19"
114,"2024-01-14","Sur","844.14"
145,"2024-02-14","Este","281.38"
169,"2024-03-09","Norte","2251.04"
175,"2024-03-15","Oeste","1125.52"
221,"2024-04-30","Este","562.76"
223,"2024-05-02","Sur","2251.04"
107,"2024-01-07","Este","1275.2"
123,"2024-01-23","Norte","1785.28"
163,"2024-03-03","Este","2040.32"
179,"2024-03-19","Este","765.12"
156,"2024-02-25","Oeste","1387.56"
229,"2024-05-08","Sur","12488.04"
235,"2024-05-14","Norte","6937.8"
119,"2024-01-19","Oeste","5140.98"
131,"2024-01-31","Oeste","5140.98"
177,"2024-03-17","Este","13709.28"
108,"2024-01-08","Sur","1177.71"
133,"2024-02-02","Sur","1962.85"
212,"2024-04-21","Oeste","782.85"
225,"2024-05-04","Oeste","2348.55"
134,"2024-02-03","Norte","5494.72"
151,"2024-02-20","Norte","7064.64"
113,"2024-01-13","Oeste","13301.91"
121,"2024-01-21","Sur","11823.92"
142,"2024-02-11","Oeste","1477.99"
173,"2024-03-13","Sur","4433.97"
196,"2024-04-05","Norte","11823.92"
106,"2024-01-06","Este","13819.33"
204,"2024-04-13","Este","7896.76"
232,"2024-05-11","Sur","3948.38"
122,"2024-01-22","Norte","3201.08"
124,"2024-01-24","Norte","1600.54"
192,"2024-04-01","Este","5601.89"
195,"2024-04-04","Este","800.27"
103,"2024-01-03","Sur","1041.34"
105,"2024-01-05","Este","6248.04"
230,"2024-05-09","Norte","3124.02"
150,"2024-02-19","Oeste","740.7"
166,"2024-03-06","Sur","112.85"
167,"2024-03-07","Sur","677.1"
184,"2024-03-24","Sur","677.1"
104,"2024-01-04","Este","1748.46"
147,"2024-02-16","Sur","4662.56"
243,"2024-05-22","Sur","4149.6"
261,"2024-06-09","Sur","1037.4"
241,"2024-05-20","Sur","1317.19"
276,"2024-06-24","Sur","7903.14"
270,"2024-06-18","Sur","4149.6"
344,"2024-08-31","Este","2074.8"
354,"2024-09-10","Norte","8299.2"
296,"2024-07-14","Este","10758.87"
318,"2024-08-05","Oeste","2390.86"
322,"2024-08-09","Oeste","1195.43"
324,"2024-08-11","Norte","1195.43"
330,"2024-08-17","Norte","867.83"
359,"2024-09-15","Oeste","6942.64"
368,"2024-09-24","Norte","867.83"
369,"2024-09-25","Sur","6942.64"
245,"2024-05-24","Oeste","5648.76"
275,"2024-06-23","Oeste","3765.84"
302,"2024-07-20","Norte","941.46"
306,"2024-07-24","Norte","3765.84"
240,"2024-05-19","Este","836.6"
293,"2024-07-11","Norte","1254.9"
297,"2024-07-15","Oeste","1673.2"
331,"2024-08-18","Este","1673.2"
339,"2024-08-26","Este","418.3"
361,"2024-09-17","Oeste","627.45"
366,"2024-09-22","Sur","627.45"
292,"2024-07-10","Sur","4475.36"
298,"2024-07-16","Este","3926.51"
352,"2024-09-08","Oeste","5048.37"
355,"2024-09-11","Este","1121.86"
256,"2024-06-04","Oeste","3128.3"
249,"2024-05-28","Sur","11071.76"
251,"2024-05-30","Norte","14235.12"
265,"2024-06-13","Norte","14235.12"
266,"2024-06-14","Sur","6326.72"
350,"2024-09-06","Norte","3163.36"
250,"2024-05-29","Norte","3320.94"
286,"2024-07-04","Sur","3320.94"
294,"2024-07-12","Oeste","1660.47"
308,"2024-07-26","Sur","2767.45"
314,"2024-08-01","Oeste","3874.43"
263,"2024-06-11","Sur","4121.36"
288,"2024-07-06","Oeste","8242.72"
291,"2024-07-09","Oeste","3091.02"
320,"2024-08-07","Norte","2060.68"
325,"2024-08-12","Este","9273.06"
248,"2024-05-27","Norte","294.72"
260,"2024-06-08","Sur","221.04"
272,"2024-06-20","Sur","110.52"
278,"2024-06-26","Este","331.56"
300,"2024-07-18","Oeste","221.04"
328,"2024-08-15","Oeste","221.04"
287,"2024-07-05","Oeste","11149.02"
319,"2024-08-06","Este","5574.51"
362,"2024-09-18","Oeste","13007.19"
277,"2024-06-25","Sur","281.38"
305,"2024-07-23","Norte","281.38"
315,"2024-08-02","Sur","281.38"
367,"2024-09-23","Sur","1969.66"
274,"2024-06-22","Oeste","2295.36"
281,"2024-06-29","Sur","765.12"
347,"2024-09-03","Norte","1275.2"
258,"2024-06-06","Oeste","889.12"
262,"2024-06-10","Sur","889.12"
299,"2024-07-17","Sur","7112.96"
307,"2024-07-25","Oeste","9712.92"
329,"2024-08-16","Oeste","2775.12"
341,"2024-08-28","Este","1387.56"
348,"2024-09-04","Sur","5550.24"
242,"2024-05-21","Sur","6854.64"
246,"2024-05-25","Norte","10281.96"
356,"2024-09-12","Este","11995.62"
253,"2024-06-01","Norte","3140.56"
257,"2024-06-05","Oeste","2355.42"
259,"2024-06-07","Sur","3533.13"
279,"2024-06-27","Oeste","7045.65"
316,"2024-08-03","Este","782.85"
340,"2024-08-27","Norte","1565.7"
349,"2024-09-05","Norte","4697.1"
247,"2024-05-26","Este","5494.72"
252,"2024-05-31","Sur","7064.64"
264,"2024-06-12","Este","4709.76"
301,"2024-07-19","Oeste","784.96"
327,"2024-08-14","Sur","3924.8"
244,"2024-05-23","Este","7389.95"
269,"2024-06-17","Este","8867.94"
290,"2024-07-08","Este","8867.94"
295,"2024-07-13","Este","4433.97"
304,"2024-07-22","Norte","4433.97"
365,"2024-09-21","Norte","7389.95"
289,"2024-07-07","Sur","1974.19"
332,"2024-08-19","Este","17767.71"
335,"2024-08-22","Sur","13819.33"
237,"2024-05-16","Oeste","2400.81"
238,"2024-05-17","Oeste","3201.08"
280,"2024-06-28","Sur","7202.43"
303,"2024-07-21","Sur","4001.35"
267,"2024-06-15","Norte","9372.06"
268,"2024-06-16","Norte","1041.34"
282,"2024-06-30","Norte","5206.7"
353,"2024-09-09","Este","7289.38"
255,"2024-06-03","Sur","1185.12"
311,"2024-07-29","Sur","296.28"
239,"2024-05-18","Norte","225.7"
284,"2024-07-02","Este","225.7"
337,"2024-08-24","Oeste","1015.65"
273,"2024-06-21","Oeste","5245.38"
326,"2024-08-13","Norte","3496.92"
412,"2024-11-07","Norte","7172.58"
417,"2024-11-12","Norte","3586.29"
420,"2024-11-15","Oeste","8368.01"
421,"2024-11-16","Norte","3586.29"
376,"2024-10-02","Oeste","1317.19"
400,"2024-10-26","Sur","5268.76"
440,"2024-12-05","Sur","2634.38"
459,"2024-12-24","Sur","3951.57"
422,"2024-11-17","Sur","9563.44"
427,"2024-11-22","Oeste","9563.44"
377,"2024-10-03","Norte","3471.32"
378,"2024-10-04","Oeste","1735.66"
393,"2024-10-19","Sur","867.83"
502,"2025-02-05","Sur","5206.98"
384,"2024-10-10","Norte","1882.92"
391,"2024-10-17","Norte","7531.68"
407,"2024-11-02","Norte","1464.05"
416,"2024-11-11","Norte","1464.05"
472,"2025-01-06","Norte","836.6"
395,"2024-10-21","Este","6713.04"
448,"2024-12-13","Este","1118.84"
458,"2024-12-23","Sur","5594.2"
464,"2024-12-29","Este","7831.88"
471,"2025-01-05","Oeste","5594.2"
397,"2024-10-23","Este","5048.37"
413,"2024-11-08","Este","2804.65"
450,"2024-12-15","Sur","3365.58"
405,"2024-10-31","Sur","1787.6"
414,"2024-11-09","Norte","446.9"
424,"2024-11-19","Este","3575.2"
435,"2024-11-30","Norte","2681.4"
441,"2024-12-06","Oeste","2234.5"
374,"2024-09-30","Norte","7908.4"
409,"2024-11-04","Norte","11071.76"
437,"2024-12-02","Este","14235.12"
443,"2024-12-08","Oeste","7908.4"
455,"2024-12-20","Norte","14235.12"
373,"2024-09-29","Sur","1106.98"
396,"2024-10-22","Sur","4427.92"
449,"2024-12-14","Sur","2767.45"
461,"2024-12-26","Oeste","4427.92"
469,"2025-01-03","Este","1660.47"
438,"2024-12-03","Oeste","2060.68"
460,"2024-12-25","Oeste","6182.04"
495,"2025-01-29","Oeste","8242.72"
496,"2025-01-30","Oeste","8242.72"
392,"2024-10-18","Este","110.52"
411,"2024-11-06","Sur","36.84"
463,"2024-12-28","Oeste","257.88"
477,"2025-01-11","Norte","221.04"
488,"2025-01-22","Este","221.04"
498,"2025-02-01","Este","73.68"
382,"2024-10-08","Este","3716.34"
406,"2024-11-01","Este","9290.85"
432,"2024-11-27","Este","11149.02"
434,"2024-11-29","Norte","9290.85"
387,"2024-10-13","Norte","1125.52"
399,"2024-10-25","Norte","562.76"
439,"2024-12-04","Norte","1125.52"
453,"2024-12-18","Este","281.38"
492,"2025-01-26","Oeste","1125.52"
388,"2024-10-14","Oeste","255.04"
402,"2024-10-28","Oeste","2040.32"
489,"2025-01-23","Sur","2295.36"
383,"2024-10-09","Oeste","7112.96"
390,"2024-10-16","Norte","6223.84"
401,"2024-10-27","Este","7112.96"
456,"2024-12-21","Este","8002.08"
466,"2024-12-31","Oeste","7112.96"
426,"2024-11-21","Sur","9712.92"
430,"2024-11-25","Sur","9712.92"
447,"2024-12-12","Norte","6937.8"
457,"2024-12-22","Oeste","5550.24"
436,"2024-12-01","Norte","5140.98"
446,"2024-12-11","Oeste","15422.94"
465,"2024-12-30","Sur","15422.94"
507,"2025-02-10","Norte","3427.32"
499,"2025-02-02","Sur","2747.99"
379,"2024-10-05","Norte","782.85"
403,"2024-10-29","Este","6262.8"
480,"2025-01-14","Este","2348.55"
490,"2025-01-24","Norte","7045.65"
381,"2024-10-07","Norte","4709.76"
404,"2024-10-30","Sur","1569.92"
423,"2024-11-18","Oeste","6279.68"
442,"2024-12-07","Sur","2354.88"
410,"2024-11-05","Oeste","4433.97"
415,"2024-11-10","Oeste","5911.96"
425,"2024-11-20","Oeste","1477.99"
433,"2024-11-28","Norte","8867.94"
431,"2024-11-26","Oeste","3201.08"
445,"2024-12-10","Norte","4001.35"
483,"2025-01-17","Este","7202.43"
408,"2024-11-03","Sur","1185.12"
419,"2024-11-14","Oeste","592.56"
474,"2025-01-08","Oeste","1333.26"
500,"2025-02-03","Norte","296.28"
375,"2024-10-01","Este","1015.65"
380,"2024-10-06","Oeste","338.55"
467,"2025-01-01","Este","564.25"
482,"2025-01-16","Norte","112.85"
503,"2025-02-06","Sur","902.8"
389,"2024-10-15","Este","3496.92"
429,"2024-11-24","Norte","1748.46"
462,"2024-12-27","Sur","2914.1"
484,"2025-01-18","Oeste","2331.28"
491,"2025-01-25","Sur","3496.92"
510,"2025-02-13","Sur","5187"
521,"2025-02-24","Sur","3112.2"
537,"2025-03-12","Oeste","2074.8"
583,"2025-04-27","Oeste","4149.6"
643,"2025-06-26","Sur","8299.2"
573,"2025-04-17","Este","10537.52"
578,"2025-04-22","Norte","6585.95"
603,"2025-05-17","Sur","2634.38"
607,"2025-05-21","Norte","6585.95"
616,"2025-05-30","Sur","7903.14"
530,"2025-03-05","Este","3586.29"
551,"2025-03-26","Norte","3586.29"
564,"2025-04-08","Oeste","9563.44"
644,"2025-06-27","Oeste","2390.86"
512,"2025-02-15","Este","5206.98"
541,"2025-03-16","Sur","867.83"
560,"2025-04-04","Sur","6074.81"
587,"2025-05-01","Sur","2603.49"
517,"2025-02-20","Este","5648.76"
518,"2025-02-21","Oeste","4707.3"
533,"2025-03-08","Oeste","5648.76"
538,"2025-03-13","Este","7531.68"
566,"2025-04-10","Oeste","1882.92"
597,"2025-05-11","Oeste","1882.92"
556,"2025-03-31","Oeste","627.45"
576,"2025-04-20","Sur","836.6"
606,"2025-05-20","Oeste","1045.75"
631,"2025-06-14","Norte","627.45"
513,"2025-02-16","Oeste","3356.52"
554,"2025-03-29","Oeste","2237.68"
599,"2025-05-13","Norte","5594.2"
600,"2025-05-14","Norte","10069.56"
640,"2025-06-23","Norte","10069.56"
547,"2025-03-22","Norte","3365.58"
516,"2025-02-19","Este","3575.2"
519,"2025-02-22","Oeste","2681.4"
523,"2025-02-26","Este","3575.2"
526,"2025-03-01","Sur","2234.5"
527,"2025-03-02","Este","11071.76"
539,"2025-03-14","Oeste","14235.12"
555,"2025-03-30","Sur","1581.68"
588,"2025-05-02","Este","7908.4"
617,"2025-05-31","Oeste","9490.08"
536,"2025-03-11","Oeste","1660.47"
575,"2025-04-19","Sur","3874.43"
595,"2025-05-09","Sur","4981.41"
598,"2025-05-12","Este","2213.96"
618,"2025-06-01","Norte","4981.41"
626,"2025-06-09","Norte","9273.06"
627,"2025-06-10","Oeste","6182.04"
514,"2025-02-17","Norte","257.88"
580,"2025-04-24","Sur","73.68"
604,"2025-05-18","Sur","221.04"
552,"2025-03-27","Este","7432.68"
558,"2025-04-02","Este","1858.17"
582,"2025-04-26","Sur","7432.68"
612,"2025-05-26","Norte","7432.68"
548,"2025-03-23","Oeste","281.38"
524,"2025-02-27","Este","1020.16"
596,"2025-05-10","Norte","1020.16"
515,"2025-02-18","Sur","5334.72"
565,"2025-04-09","Oeste","3556.48"
584,"2025-04-28","Este","7112.96"
605,"2025-05-19","Sur","1778.24"
624,"2025-06-07","Norte","4445.6"
532,"2025-03-07","Este","11100.48"
589,"2025-05-03","Norte","12488.04"
619,"2025-06-02","Este","11100.48"
557,"2025-04-01","Este","15422.94"
559,"2025-04-03","Sur","11995.62"
594,"2025-05-08","Este","13709.28"
543,"2025-03-18","Este","1570.28"
544,"2025-03-19","Norte","392.57"
549,"2025-03-24","Oeste","2747.99"
520,"2025-02-23","Oeste","3914.25"
569,"2025-04-13","Este","3914.25"
577,"2025-04-21","Oeste","2348.55"
592,"2025-05-06","Norte","782.85"
623,"2025-06-06","Este","2348.55"
546,"2025-03-21","Sur","6279.68"
571,"2025-04-15","Norte","7064.64"
572,"2025-04-16","Sur","5494.72"
611,"2025-05-25","Norte","6279.68"
528,"2025-03-03","Norte","11823.92"
625,"2025-06-08","Sur","13301.91"
637,"2025-06-20","Oeste","11823.92"
641,"2025-06-24","Oeste","4433.97"
511,"2025-02-14","Oeste","1974.19"
522,"2025-02-25","Norte","13819.33"
529,"2025-03-04","Sur","3948.38"
525,"2025-02-28","Norte","2400.81"
567,"2025-04-11","Sur","2400.81"
574,"2025-04-18","Norte","5601.89"
632,"2025-06-15","Este","6402.16"
563,"2025-04-07","Este","7289.38"
593,"2025-05-07","Sur","3124.02"
509,"2025-02-12","Sur","740.7"
542,"2025-03-17","Sur","1185.12"
545,"2025-03-20","Este","740.7"
534,"2025-03-09","Norte","1015.65"
540,"2025-03-15","Sur","112.85"
553,"2025-03-28","Sur","225.7"
561,"2025-04-05","Oeste","1165.64"
568,"2025-04-12","Sur","1165.64"
585,"2025-04-29","Norte","1748.46"
759,"2025-10-20","Oeste","1037.4"
767,"2025-10-28","Sur","6224.4"
678,"2025-07-31","Oeste","1317.19"
712,"2025-09-03","Este","7903.14"
778,"2025-11-08","Este","4149.6"
688,"2025-08-10","Este","1195.43"
704,"2025-08-26","Este","10758.87"
780,"2025-11-10","Oeste","7172.58"
659,"2025-07-12","Este","6942.64"
672,"2025-07-25","Norte","6942.64"
698,"2025-08-20","Sur","4339.15"
664,"2025-07-17","Este","5648.76"
689,"2025-08-11","Oeste","7531.68"
706,"2025-08-28","Este","8473.14"
721,"2025-09-12","Este","5648.76"
743,"2025-10-04","Este","5648.76"
668,"2025-07-21","Oeste","627.45"
674,"2025-07-27","Norte","1464.05"
705,"2025-08-27","Este","1254.9"
710,"2025-09-01","Sur","1254.9"
702,"2025-08-24","Este","4475.36"
745,"2025-10-06","Sur","4475.36"
756,"2025-10-17","Este","3356.52"
774,"2025-11-04","Este","4475.36"
779,"2025-11-09","Sur","6713.04"
667,"2025-07-20","Oeste","4487.44"
677,"2025-07-30","Sur","4487.44"
690,"2025-08-12","Oeste","1121.86"
695,"2025-08-17","Sur","3926.51"
770,"2025-10-31","Oeste","2681.4"
655,"2025-07-08","Norte","4745.04"
658,"2025-07-11","Sur","11071.76"
669,"2025-07-22","Norte","4745.04"
692,"2025-08-14","Oeste","1581.68"
693,"2025-08-15","Este","7908.4"
703,"2025-08-25","Oeste","3163.36"
646,"2025-06-29","Este","1660.47"
650,"2025-07-03","Oeste","553.49"
722,"2025-09-13","Oeste","4427.92"
726,"2025-09-17","Este","2767.45"
730,"2025-09-21","Norte","1106.98"
737,"2025-09-28","Norte","2213.96"
752,"2025-10-13","Oeste","2767.45"
648,"2025-07-01","Este","7212.38"
679,"2025-08-01","Este","6182.04"
680,"2025-08-02","Este","3091.02"
685,"2025-08-07","Este","3091.02"
696,"2025-08-18","Sur","7212.38"
701,"2025-08-23","Norte","2060.68"
760,"2025-10-21","Norte","3091.02"
654,"2025-07-07","Oeste","147.36"
666,"2025-07-19","Oeste","73.68"
739,"2025-09-30","Este","110.52"
751,"2025-10-12","Sur","36.84"
773,"2025-11-03","Norte","36.84"
645,"2025-06-28","Norte","14865.36"
681,"2025-08-03","Este","3716.34"
724,"2025-09-15","Norte","3716.34"
733,"2025-09-24","Este","7432.68"
754,"2025-10-15","Norte","3716.34"
749,"2025-10-10","Oeste","1688.28"
768,"2025-10-29","Norte","1688.28"
652,"2025-07-05","Sur","765.12"
665,"2025-07-18","Sur","1785.28"
694,"2025-08-16","Oeste","1785.28"
708,"2025-08-30","Este","1530.24"
657,"2025-07-10","Norte","8002.08"
713,"2025-09-04","Norte","8002.08"
746,"2025-10-07","Oeste","2667.36"
753,"2025-10-14","Norte","3556.48"
684,"2025-08-06","Norte","1387.56"
727,"2025-09-18","Este","6937.8"
776,"2025-11-06","Norte","2775.12"
716,"2025-09-07","Oeste","11995.62"
717,"2025-09-08","Este","15422.94"
732,"2025-09-23","Norte","8568.3"
647,"2025-06-30","Sur","1177.71"
651,"2025-07-04","Oeste","3533.13"
660,"2025-07-13","Este","1962.85"
682,"2025-08-04","Norte","392.57"
691,"2025-08-13","Oeste","4697.1"
707,"2025-08-29","Sur","782.85"
735,"2025-09-26","Este","5479.95"
750,"2025-10-11","Norte","2348.55"
673,"2025-07-26","Oeste","6279.68"
729,"2025-09-20","Este","5494.72"
741,"2025-10-02","Oeste","6279.68"
653,"2025-07-06","Oeste","7389.95"
656,"2025-07-09","Sur","1477.99"
766,"2025-10-27","Este","8867.94"
661,"2025-07-14","Norte","9870.95"
670,"2025-07-23","Norte","11845.14"
709,"2025-08-31","Sur","7896.76"
687,"2025-08-09","Este","1600.54"
697,"2025-08-19","Este","3201.08"
700,"2025-08-22","Norte","1600.54"
728,"2025-09-19","Sur","3201.08"
734,"2025-09-25","Norte","7202.43"
676,"2025-07-29","Sur","9372.06"
686,"2025-08-08","Sur","4165.36"
740,"2025-10-01","Este","1041.34"
758,"2025-10-19","Este","6248.04"
649,"2025-07-02","Norte","296.28"
711,"2025-09-02","Norte","1185.12"
671,"2025-07-24","Oeste","564.25"
675,"2025-07-28","Oeste","902.8"
762,"2025-10-23","Norte","1015.65"
662,"2025-07-15","Sur","2331.28"
663,"2025-07-16","Sur","582.82"
799,"2025-11-29","Oeste","9336.6"
810,"2025-12-10","Oeste","3112.2"
815,"2025-12-15","Este","8299.2"
864,"2026-02-02","Oeste","2390.86"
871,"2026-02-09","Oeste","9563.44"
880,"2026-02-18","Norte","1195.43"
827,"2025-12-27","Sur","2603.49"
838,"2026-01-07","Oeste","4339.15"
855,"2026-01-24","Oeste","1735.66"
785,"2025-11-15","Sur","941.46"
786,"2025-11-16","Oeste","6590.22"
803,"2025-12-03","Sur","5648.76"
801,"2025-12-01","Oeste","836.6"
805,"2025-12-05","Oeste","1254.9"
830,"2025-12-30","Este","1045.75"
849,"2026-01-18","Este","836.6"
800,"2025-11-30","Sur","6713.04"
835,"2026-01-04","Oeste","1118.84"
836,"2026-01-05","Norte","7831.88"
844,"2026-01-13","Este","10069.56"
793,"2025-11-23","Oeste","5048.37"
798,"2025-11-28","Sur","2243.72"
820,"2025-12-20","Oeste","5048.37"
834,"2026-01-03","Este","2804.65"
911,"2026-03-21","Sur","1682.79"
783,"2025-11-13","Sur","3128.3"
851,"2026-01-20","Este","4022.1"
789,"2025-11-19","Norte","3163.36"
837,"2026-01-06","Oeste","3163.36"
870,"2026-02-08","Oeste","7908.4"
848,"2026-01-17","Sur","3320.94"
894,"2026-03-04","Oeste","1660.47"
782,"2025-11-12","Este","9273.06"
787,"2025-11-17","Oeste","6182.04"
813,"2025-12-13","Oeste","8242.72"
847,"2026-01-16","Sur","5151.7"
819,"2025-12-19","Norte","294.72"
867,"2026-02-05","Oeste","294.72"
868,"2026-02-06","Sur","110.52"
795,"2025-11-25","Oeste","3716.34"
817,"2025-12-17","Este","3716.34"
841,"2026-01-10","Norte","13007.19"
831,"2025-12-31","Oeste","2532.42"
888,"2026-02-26","Este","844.14"
809,"2025-12-09","Sur","2040.32"
818,"2025-12-18","Este","1785.28"
912,"2026-03-22","Norte","1530.24"
828,"2025-12-28","Norte","5334.72"
829,"2025-12-29","Este","5334.72"
883,"2026-02-21","Este","4445.6"
781,"2025-11-11","Este","4162.68"
812,"2025-12-12","Norte","1387.56"
840,"2026-01-09","Norte","6937.8"
901,"2026-03-11","Oeste","1387.56"
833,"2026-01-02","Norte","6854.64"
845,"2026-01-14","Este","3427.32"
858,"2026-01-27","Norte","8568.3"
859,"2026-01-28","Norte","13709.28"
875,"2026-02-13","Sur","3427.32"
816,"2025-12-16","Sur","3140.56"
832,"2026-01-01","Este","1570.28"
863,"2026-02-01","Oeste","2355.42"
916,"2026-03-26","Norte","1962.85"
854,"2026-01-23","Este","4697.1"
895,"2026-03-05","Norte","1565.7"
862,"2026-01-31","Sur","1569.92"
872,"2026-02-10","Sur","3924.8"
873,"2026-02-11","Sur","5494.72"
902,"2026-03-12","Este","784.96"
804,"2025-12-04","Norte","4433.97"
811,"2025-12-11","Este","1477.99"
823,"2025-12-23","Sur","13301.91"
850,"2026-01-19","Sur","7389.95"
791,"2025-11-21","Oeste","1974.19"
881,"2026-02-19","Sur","11845.14"
882,"2026-02-20","Sur","1974.19"
784,"2025-11-14","Sur","6402.16"
807,"2025-12-07","Sur","3201.08"
821,"2025-12-21","Norte","3201.08"
824,"2025-12-24","Oeste","2400.81"
826,"2025-12-26","Oeste","4001.35"
866,"2026-02-04","Este","3201.08"
869,"2026-02-07","Norte","3201.08"
886,"2026-02-24","Sur","3201.08"
790,"2025-11-20","Norte","6248.04"
797,"2025-11-27","Norte","3124.02"
814,"2025-12-14","Sur","9372.06"
857,"2026-01-26","Oeste","5206.7"
878,"2026-02-16","Este","6248.04"
896,"2026-03-06","Oeste","8330.72"
877,"2026-02-15","Oeste","888.84"
904,"2026-03-14","Sur","740.7"
910,"2026-03-20","Oeste","1036.98"
788,"2025-11-18","Oeste","677.1"
822,"2025-12-22","Este","338.55"
825,"2025-12-25","Este","338.55"
852,"2026-01-21","Norte","225.7"
865,"2026-02-03","Oeste","1015.65"
874,"2026-02-12","Este","225.7"
796,"2025-11-26","Sur","2331.28"
806,"2025-12-06","Oeste","3496.92"
839,"2026-01-08","Este","5245.38"
861,"2026-01-30","Este","4662.56"
892,"2026-03-02","Este","2331.28"
900,"2026-03-10","Sur","4079.74"
906,"2026-03-16","Este","5245.38"
928,"2026-04-07","Norte","1037.4"
931,"2026-04-10","Sur","3112.2"
941,"2026-04-20","Oeste","3112.2"
951,"2026-04-30","Sur","1317.19"
954,"2026-05-03","Este","11854.71"
980,"2026-05-29","Norte","5268.76"
977,"2026-05-26","Sur","4149.6"
983,"2026-06-01","Oeste","2074.8"
1046,"2026-08-03","Este","10758.87"
934,"2026-04-13","Este","6074.81"
972,"2026-05-21","Norte","6942.64"
997,"2026-06-15","Oeste","2603.49"
1045,"2026-08-02","Este","2603.49"
922,"2026-04-01","Sur","7531.68"
1007,"2026-06-25","Este","7531.68"
1015,"2026-07-03","Oeste","1882.92"
948,"2026-04-27","Oeste","418.3"
1008,"2026-06-26","Sur","209.15"
1035,"2026-07-23","Norte","209.15"
967,"2026-05-16","Oeste","2237.68"
984,"2026-06-02","Sur","8950.72"
937,"2026-04-16","Este","2804.65"
955,"2026-05-04","Sur","1121.86"
1012,"2026-06-30","Este","3926.51"
979,"2026-05-28","Oeste","3575.2"
1036,"2026-07-24","Oeste","4745.04"
1041,"2026-07-29","Este","9490.08"
1052,"2026-08-09","Norte","4745.04"
923,"2026-04-02","Sur","4981.41"
924,"2026-04-03","Sur","4427.92"
969,"2026-05-18","Norte","1106.98"
1029,"2026-07-17","Sur","1106.98"
1048,"2026-08-05","Sur","553.49"
938,"2026-04-17","Oeste","5151.7"
998,"2026-06-16","Este","4121.36"
1011,"2026-06-29","Oeste","4121.36"
1021,"2026-07-09","Oeste","4121.36"
933,"2026-04-12","Sur","331.56"
970,"2026-05-19","Norte","73.68"
1030,"2026-07-18","Norte","221.04"
917,"2026-03-27","Este","13007.19"
918,"2026-03-28","Oeste","3716.34"
940,"2026-04-19","Norte","11149.02"
1051,"2026-08-08","Sur","9290.85"
920,"2026-03-30","Este","844.14"
963,"2026-05-12","Este","1125.52"
992,"2026-06-10","Oeste","2251.04"
1004,"2026-06-22","Este","1406.9"
921,"2026-03-31","Oeste","1275.2"
946,"2026-04-25","Oeste","255.04"
965,"2026-05-14","Norte","510.08"
975,"2026-05-24","Sur","510.08"
929,"2026-04-08","Norte","5334.72"
962,"2026-05-11","Este","8002.08"
973,"2026-05-22","Sur","4445.6"
986,"2026-06-04","Sur","2667.36"
925,"2026-04-04","Norte","11100.48"
964,"2026-05-13","Oeste","6937.8"
1037,"2026-07-25","Norte","12488.04"
952,"2026-05-01","Este","13709.28"
1002,"2026-06-20","Este","1713.66"
956,"2026-05-05","Sur","392.57"
1003,"2026-06-21","Norte","3533.13"
926,"2026-04-05","Norte","1565.7"
936,"2026-04-15","Oeste","2348.55"
939,"2026-04-18","Oeste","3131.4"
947,"2026-04-26","Oeste","5479.95"
976,"2026-05-25","Este","2348.55"
1016,"2026-07-04","Oeste","5479.95"
1034,"2026-07-22","Sur","6262.8"
932,"2026-04-11","Oeste","2354.88"
943,"2026-04-22","Oeste","2354.88"
944,"2026-04-23","Este","3924.8"
958,"2026-05-07","Norte","784.96"
996,"2026-06-14","Oeste","784.96"
930,"2026-04-09","Este","10345.93"
968,"2026-05-17","Sur","7389.95"
1026,"2026-07-14","Norte","1477.99"
1047,"2026-08-04","Norte","13301.91"
945,"2026-04-24","Norte","5922.57"
953,"2026-05-02","Este","15793.52"
990,"2026-06-08","Norte","15793.52"
993,"2026-06-11","Sur","15793.52"
1018,"2026-07-06","Oeste","9870.95"
919,"2026-03-29","Norte","1600.54"
981,"2026-05-30","Este","5601.89"
1013,"2026-07-01","Este","3201.08"
949,"2026-04-28","Norte","6248.04"
950,"2026-04-29","Este","8330.72"
960,"2026-05-09","Este","2082.68"
961,"2026-05-10","Oeste","7289.38"
957,"2026-05-06","Sur","592.56"
971,"2026-05-20","Oeste","1185.12"
987,"2026-06-05","Oeste","1185.12"
1022,"2026-07-10","Oeste","148.14"
927,"2026-04-06","Norte","338.55"
989,"2026-06-07","Norte","1015.65"
994,"2026-06-12","Norte","902.8"
1014,"2026-07-02","Sur","564.25"
1023,"2026-07-11","Oeste","112.85"
1044,"2026-08-01","Este","451.4"
935,"2026-04-14","Sur","5245.38"
966,"2026-05-15","Oeste","1748.46"
978,"2026-05-27","Sur","4662.56"
988,"2026-06-06","Norte","4662.56"
1010,"2026-06-28","Norte","4079.74"
1019,"2026-07-07","Sur","3496.92"
117,"2024-01-17","Oeste","17511.3"
132,"2024-02-01","Este","5837.1"
139,"2024-02-08","Este","1945.7"
181,"2024-03-21","Norte","3891.4"
224,"2024-05-03","Sur","17511.3"
254,"2024-06-02","Este","1945.7"
271,"2024-06-19","Sur","1945.7"
283,"2024-07-01","Oeste","9728.5"
285,"2024-07-03","Norte","11674.2"
309,"2024-07-27","Oeste","11674.2"
310,"2024-07-28","Norte","15565.6"
313,"2024-07-31","Sur","3891.4"
317,"2024-08-04","Sur","3891.4"
345,"2024-09-01","Oeste","13619.9"
385,"2024-10-11","Sur","7782.8"
386,"2024-10-12","Norte","11674.2"
394,"2024-10-20","Norte","17511.3"
398,"2024-10-24","Norte","13619.9"
418,"2024-11-13","Este","1945.7"
428,"2024-11-23","Sur","3891.4"
479,"2025-01-13","Norte","9728.5"
501,"2025-02-04","Norte","15565.6"
531,"2025-03-06","Sur","1945.7"
535,"2025-03-10","Norte","7782.8"
570,"2025-04-14","Oeste","13619.9"
581,"2025-04-25","Este","1945.7"
610,"2025-05-24","Este","13619.9"
628,"2025-06-11","Oeste","3891.4"
629,"2025-06-12","Oeste","1945.7"
683,"2025-08-05","Oeste","13619.9"
742,"2025-10-03","Oeste","17511.3"
771,"2025-11-01","Norte","7782.8"
792,"2025-11-22","Oeste","9728.5"
942,"2026-04-21","Norte","3891.4"
959,"2026-05-08","Oeste","9728.5"
1009,"2026-06-27","Sur","5837.1"
1033,"2026-07-21","Norte","11674.2"
1093,"2026-09-19","Norte","9728.5"
1077,"2026-09-03","Oeste","6224.4"
146,"2024-02-15","Sur","4781.72"
202,"2024-04-11","Norte","9220.33"
620,"2025-06-03","Norte","3951.57"
718,"2025-09-09","Este","11854.71"
720,"2025-09-11","Norte","10537.52"
777,"2025-11-07","Norte","2634.38"
794,"2025-11-24","Sur","9220.33"
802,"2025-12-02","Este","7903.14"
808,"2025-12-08","Norte","1317.19"
879,"2026-02-17","Este","10537.52"
907,"2026-03-17","Oeste","7903.14"
999,"2026-06-17","Norte","11854.71"
1005,"2026-06-23","Oeste","9220.33"
1006,"2026-06-24","Norte","5268.76"
1068,"2026-08-25","Sur","7903.14"
1096,"2026-09-22","Este","10537.52"
234,"2024-05-13","Oeste","4149.6"
1000,"2026-06-18","Norte","5187"
164,"2024-03-04","Este","4781.72"
165,"2024-03-05","Norte","8368.01"
172,"2024-03-12","Oeste","8368.01"
185,"2024-03-25","Este","4781.72"
186,"2024-03-26","Este","3586.29"
189,"2024-03-29","Norte","10758.87"
194,"2024-04-03","Oeste","1195.43"
451,"2024-12-16","Sur","8368.01"
454,"2024-12-19","Este","4781.72"
486,"2025-01-20","Este","9563.44"
1056,"2026-08-13","Norte","9563.44"
1067,"2026-08-24","Este","5977.15"
1100,"2026-09-26","Norte","3586.29"
608,"2025-05-22","Este","6942.64"
633,"2025-06-16","Sur","5206.98"
634,"2025-06-17","Este","4339.15"
636,"2025-06-19","Sur","3471.32"
699,"2025-08-21","Oeste","6074.81"
719,"2025-09-10","Oeste","867.83"
731,"2025-09-22","Este","7810.47"
1064,"2026-08-21","Sur","2603.49"
1091,"2026-09-17","Este","1735.66"
1097,"2026-09-23","Este","4339.15"
321,"2024-08-08","Sur","8473.14"
323,"2024-08-10","Este","8473.14"
1073,"2026-08-30","Este","1882.35"
1082,"2026-09-08","Oeste","1254.9"
1095,"2026-09-21","Este","1673.2"
1059,"2026-08-16","Sur","2237.68"
1074,"2026-08-31","Este","3575.2"
1094,"2026-09-20","Oeste","2681.4"
1086,"2026-09-12","Norte","553.49"
1080,"2026-09-06","Oeste","147.36"
1057,"2026-08-14","Norte","2251.04"
1053,"2026-08-10","Oeste","2295.36"
1092,"2026-09-18","Este","3556.48"
1099,"2026-09-25","Norte","7112.96"
1079,"2026-09-05","Este","12488.04"
1069,"2026-08-26","Este","13709.28"
1055,"2026-08-12","Norte","2348.55"
1084,"2026-09-10","Oeste","3131.4"
1060,"2026-08-17","Este","784.96"
1062,"2026-08-19","Norte","5911.96"
1065,"2026-08-22","Norte","7389.95"
1061,"2026-08-18","Norte","13819.33"
1071,"2026-08-28","Este","13819.33"
1054,"2026-08-11","Norte","1600.54"
1078,"2026-09-04","Sur","5601.89"
1081,"2026-09-07","Este","5601.89"
1063,"2026-08-20","Sur","4165.36"
1066,"2026-08-23","Norte","3124.02"
1072,"2026-08-29","Norte","7289.38"
1070,"2026-08-27","Oeste","740.7"
1076,"2026-09-02","Oeste","1333.26"
1083,"2026-09-09","Oeste","677.1"
1058,"2026-08-15","Este","4662.56"
351,"2024-09-07","Norte","941.46"
371,"2024-09-27","Sur","1882.92"
602,"2025-05-16","Norte","5648.76"
755,"2025-10-16","Este","2824.38"
764,"2025-10-25","Sur","7531.68"
885,"2026-02-23","Sur","4707.3"
899,"2026-03-09","Oeste","941.46"
372,"2024-09-28","Oeste","1673.2"
876,"2026-02-14","Norte","418.3"
476,"2025-01-10","Oeste","8950.72"
846,"2026-01-15","Norte","2237.68"
887,"2026-02-25","Este","10069.56"
915,"2026-03-25","Norte","1118.84"
744,"2025-10-05","Este","2804.65"
747,"2025-10-08","Sur","2804.65"
761,"2025-10-22","Oeste","3365.58"
1020,"2026-07-08","Norte","3926.51"
1024,"2026-07-12","Sur","3926.51"
1027,"2026-07-15","Este","560.93"
1028,"2026-07-16","Sur","5048.37"
506,"2025-02-09","Este","1787.6"
550,"2025-03-25","Este","2681.4"
562,"2025-04-06","Sur","2234.5"
591,"2025-05-05","Este","893.8"
639,"2025-06-22","Sur","3575.2"
193,"2024-04-02","Este","3163.36"
199,"2024-04-08","Norte","4745.04"
209,"2024-04-18","Oeste","12653.44"
470,"2025-01-04","Oeste","4745.04"
478,"2025-01-12","Este","1581.68"
714,"2025-09-05","Sur","11071.76"
725,"2025-09-16","Este","9490.08"
738,"2025-09-29","Oeste","6326.72"
370,"2024-09-26","Sur","1106.98"
473,"2025-01-07","Este","553.49"
497,"2025-01-31","Sur","1660.47"
763,"2025-10-24","Sur","4981.41"
333,"2024-08-20","Sur","3091.02"
338,"2024-08-25","Norte","1030.34"
1038,"2026-07-26","Oeste","5151.7"
1039,"2026-07-27","Sur","6182.04"
1050,"2026-08-07","Norte","7212.38"
227,"2024-05-06","Este","73.68"
890,"2026-02-28","Oeste","147.36"
183,"2024-03-23","Sur","5574.51"
219,"2024-04-28","Norte","13007.19"
444,"2024-12-09","Este","1858.17"
468,"2025-01-02","Oeste","5574.51"
481,"2025-01-15","Oeste","5574.51"
485,"2025-01-19","Oeste","16723.53"
494,"2025-01-28","Este","1858.17"
508,"2025-02-11","Este","13007.19"
614,"2025-05-28","Oeste","7432.68"
635,"2025-06-18","Norte","16723.53"
842,"2026-01-11","Este","1858.17"
843,"2026-01-12","Este","7432.68"
856,"2026-01-25","Norte","14865.36"
860,"2026-01-29","Sur","9290.85"
898,"2026-03-08","Sur","14865.36"
905,"2026-03-15","Norte","13007.19"
1090,"2026-09-16","Oeste","1125.52"
723,"2025-09-14","Oeste","1020.16"
757,"2025-10-18","Oeste","1275.2"
772,"2025-11-02","Este","510.08"
982,"2026-05-31","Norte","1785.28"
995,"2026-06-13","Este","1275.2"
1001,"2026-06-19","Oeste","765.12"
1025,"2026-07-13","Oeste","2040.32"
1032,"2026-07-20","Este","765.12"
1043,"2026-07-31","Sur","510.08"
1049,"2026-08-06","Este","1275.2"
342,"2024-08-29","Sur","4445.6"
343,"2024-08-30","Sur","3556.48"
364,"2024-09-20","Este","3427.32"
1087,"2026-09-13","Este","5140.98"
312,"2024-07-30","Oeste","3140.56"
336,"2024-08-23","Norte","2355.42"
357,"2024-09-13","Oeste","785.14"
360,"2024-09-16","Sur","1177.71"
601,"2025-05-15","Este","2747.99"
609,"2025-05-23","Oeste","2747.99"
613,"2025-05-27","Oeste","1177.71"
769,"2025-10-30","Sur","392.57"
775,"2025-11-05","Sur","392.57"
1098,"2026-09-24","Sur","3131.4"
162,"2024-03-02","Sur","2354.88"
208,"2024-04-17","Norte","4709.76"
213,"2024-04-22","Sur","784.96"
226,"2024-05-05","Sur","1569.92"
334,"2024-08-21","Norte","6279.68"
363,"2024-09-19","Sur","4709.76"
504,"2025-02-07","Oeste","3139.84"
642,"2025-06-25","Oeste","1569.92"
914,"2026-03-24","Este","6279.68"
1017,"2026-07-05","Oeste","3139.84"
1040,"2026-07-28","Sur","784.96"
210,"2024-04-19","Este","11823.92"
452,"2024-12-17","Oeste","8867.94"
475,"2025-01-09","Sur","2955.98"
487,"2025-01-21","Este","5911.96"
493,"2025-01-27","Oeste","4433.97"
505,"2025-02-08","Oeste","1477.99"
853,"2026-01-22","Sur","8867.94"
889,"2026-02-27","Norte","8867.94"
891,"2026-03-01","Este","2955.98"
893,"2026-03-03","Este","2955.98"
897,"2026-03-07","Oeste","5911.96"
903,"2026-03-13","Sur","2955.98"
913,"2026-03-23","Sur","5911.96"
579,"2025-04-23","Norte","11845.14"
615,"2025-05-29","Sur","7896.76"
715,"2025-09-06","Este","17767.71"
736,"2025-09-27","Oeste","9870.95"
748,"2025-10-09","Norte","3948.38"
1075,"2026-09-01","Norte","3948.38"
1085,"2026-09-11","Este","15793.52"
197,"2024-04-06","Sur","4801.62"
207,"2024-04-16","Este","4001.35"
215,"2024-04-24","Este","3201.08"
908,"2026-03-18","Oeste","6402.16"
765,"2025-10-26","Oeste","3124.02"
974,"2026-05-23","Norte","4165.36"
985,"2026-06-03","Sur","2082.68"
991,"2026-06-09","Este","3124.02"
1031,"2026-07-19","Este","5206.7"
1042,"2026-07-30","Oeste","8330.72"
1088,"2026-09-14","Oeste","888.84"
1089,"2026-09-15","Oeste","740.7"
622,"2025-06-05","Sur","677.1"
884,"2026-02-22","Este","225.7"
909,"2026-03-19","Norte","338.55"
346,"2024-09-02","Este","582.82"
358,"2024-09-14","Este","4662.56"
586,"2025-04-30","Oeste","582.82"
590,"2025-05-04","Norte","4079.74"
621,"2025-06-04","Este","3496.92"
630,"2025-06-13","Norte","1748.46"
638,"2025-06-21","Este","2914.1"
